identifier,note_path,category,cluster_id,cluster_count,selection,obstruction,trainee_name_in_frame,trainee_name,name_in_field2,name_in_field4,source_sha
2026-07-14 025344,research-scratch/screenshot-notes/Screenshot 2026-07-14 025344.md,race-entry,C001,1,cluster-rep,,yes,Curren Chan,no,yes,0ce49656c816c87befc2787c7007c00845806241cc6f350bab9e3bd04d7c4d1d
2026-07-14 194819,research-scratch/screenshot-notes/Screenshot 2026-07-14 194819.md,training,C067,23,portrait-addition,,no,,n/a,n/a,0ce49656c816c87befc2787c7007c00845806241cc6f350bab9e3bd04d7c4d1d
2026-07-14 202142,research-scratch/screenshot-notes/Screenshot 2026-07-14 202142.md,training,C081,38,portrait-addition,,no,,n/a,n/a,0ce49656c816c87befc2787c7007c00845806241cc6f350bab9e3bd04d7c4d1d
2026-07-17 221504,research-scratch/screenshot-notes/Screenshot 2026-07-17 221504.md,menu,C707,1,cluster-rep,,no,,n/a,n/a,0ce49656c816c87befc2787c7007c00845806241cc6f350bab9e3bd04d7c4d1d
2026-07-17 230755,research-scratch/screenshot-notes/Screenshot 2026-07-17 230755.md,training,C708,14,cluster-rep,yes,no,,n/a,n/a,0ce49656c816c87befc2787c7007c00845806241cc6f350bab9e3bd04d7c4d1d
2026-07-17 230902,research-scratch/screenshot-notes/Screenshot 2026-07-17 230902.md,training,C709,14,cluster-rep,yes,no,,n/a,n/a,0ce49656c816c87befc2787c7007c00845806241cc6f350bab9e3bd04d7c4d1d
2026-07-17 232345,research-scratch/screenshot-notes/Screenshot 2026-07-17 232345.md,character-detail,C710,1,cluster-rep,,yes,Rice Shower,no,yes,0ce49656c816c87befc2787c7007c00845806241cc6f350bab9e3bd04d7c4d1d
2026-07-17 232527,research-scratch/screenshot-notes/Screenshot 2026-07-17 232527.md,race-entry,C711,2,cluster-rep,,yes,Rice Shower,no,yes,0ce49656c816c87befc2787c7007c00845806241cc6f350bab9e3bd04d7c4d1d
2026-07-17 233057,research-scratch/screenshot-notes/Screenshot 2026-07-17 233057.md,other,C712,1,cluster-rep,,no,,n/a,n/a,0ce49656c816c87befc2787c7007c00845806241cc6f350bab9e3bd04d7c4d1d
2026-07-17 234444,research-scratch/screenshot-notes/Screenshot 2026-07-17 234444.md,race-entry,C713,1,cluster-rep,,yes,Rice Shower,no,yes,0ce49656c816c87befc2787c7007c00845806241cc6f350bab9e3bd04d7c4d1d
2026-07-17 234453,research-scratch/screenshot-notes/Screenshot 2026-07-17 234453.md,skill-selection,C714,2,cluster-rep,,yes,Rice Shower,no,yes,0ce49656c816c87befc2787c7007c00845806241cc6f350bab9e3bd04d7c4d1d
2026-07-17 234521,research-scratch/screenshot-notes/Screenshot 2026-07-17 234521.md,skill-selection,C715,6,cluster-rep,yes,yes,Rice Shower,no,yes,0ce49656c816c87befc2787c7007c00845806241cc6f350bab9e3bd04d7c4d1d
2026-07-17 234615,research-scratch/screenshot-notes/Screenshot 2026-07-17 234615.md,race-entry,C716,1,cluster-rep,,yes,Rice Shower,no,yes,0ce49656c816c87befc2787c7007c00845806241cc6f350bab9e3bd04d7c4d1d
2026-07-17 234912,research-scratch/screenshot-notes/Screenshot 2026-07-17 234912.md,race-entry,C717,2,cluster-rep,,yes,Rice Shower,no,yes,0ce49656c816c87befc2787c7007c00845806241cc6f350bab9e3bd04d7c4d1d
2026-07-17 234918,research-scratch/screenshot-notes/Screenshot 2026-07-17 234918.md,race-entry,C718,2,cluster-rep,yes,yes,Rice Shower,no,yes,0ce49656c816c87befc2787c7007c00845806241cc6f350bab9e3bd04d7c4d1d
2026-07-17 235111,research-scratch/screenshot-notes/Screenshot 2026-07-17 235111.md,other,C719,1,cluster-rep,,no,,n/a,n/a,0ce49656c816c87befc2787c7007c00845806241cc6f350bab9e3bd04d7c4d1d
2026-07-17 235229,research-scratch/screenshot-notes/Screenshot 2026-07-17 235229.md,career-progression,C720,1,cluster-rep,yes,no,,n/a,n/a,0ce49656c816c87befc2787c7007c00845806241cc6f350bab9e3bd04d7c4d1d
2026-07-17 235511,research-scratch/screenshot-notes/Screenshot 2026-07-17 235511.md,race-entry,C721,6,cluster-rep,,yes,Rice Shower,no,yes,0ce49656c816c87befc2787c7007c00845806241cc6f350bab9e3bd04d7c4d1d
2026-07-17 235529,research-scratch/screenshot-notes/Screenshot 2026-07-17 235529.md,career-progression,C722,2,cluster-rep,,no,,n/a,n/a,0ce49656c816c87befc2787c7007c00845806241cc6f350bab9e3bd04d7c4d1d
2026-07-17 235902,research-scratch/screenshot-notes/Screenshot 2026-07-17 235902.md,career-progression,C723,1,cluster-rep,,yes,Rice Shower,no,yes,0ce49656c816c87befc2787c7007c00845806241cc6f350bab9e3bd04d7c4d1d
2026-07-18 000919,research-scratch/screenshot-notes/Screenshot 2026-07-18 000919.md,race-entry,C724,1,cluster-rep,,no,,n/a,n/a,0ce49656c816c87befc2787c7007c00845806241cc6f350bab9e3bd04d7c4d1d
2026-07-18 001651,research-scratch/screenshot-notes/Screenshot 2026-07-18 001651.md,other,C725,2,cluster-rep,,no,,n/a,n/a,0ce49656c816c87befc2787c7007c00845806241cc6f350bab9e3bd04d7c4d1d
2026-07-18 001811,research-scratch/screenshot-notes/Screenshot 2026-07-18 001811.md,training,C726,58,cluster-rep,,yes,Rice Shower,no,yes,0ce49656c816c87befc2787c7007c00845806241cc6f350bab9e3bd04d7c4d1d
2026-07-18 001817,research-scratch/screenshot-notes/Screenshot 2026-07-18 001817.md,training,C727,1,cluster-rep,yes,yes,Rice Shower,no,yes,0ce49656c816c87befc2787c7007c00845806241cc6f350bab9e3bd04d7c4d1d
2026-07-18 001823,research-scratch/screenshot-notes/Screenshot 2026-07-18 001823.md,training,C728,1,cluster-rep,yes,yes,Rice Shower,no,yes,0ce49656c816c87befc2787c7007c00845806241cc6f350bab9e3bd04d7c4d1d
2026-07-18 001957,research-scratch/screenshot-notes/Screenshot 2026-07-18 001957.md,other,C729,1,cluster-rep,,no,,n/a,n/a,0ce49656c816c87befc2787c7007c00845806241cc6f350bab9e3bd04d7c4d1d
2026-07-18 002421,research-scratch/screenshot-notes/Screenshot 2026-07-18 002421.md,career-progression,C730,1,cluster-rep,,yes,Rice Shower,no,yes,0ce49656c816c87befc2787c7007c00845806241cc6f350bab9e3bd04d7c4d1d
2026-07-18 002432,research-scratch/screenshot-notes/Screenshot 2026-07-18 002432.md,career-progression,C731,10,cluster-rep,,yes,Rice Shower,no,yes,0ce49656c816c87befc2787c7007c00845806241cc6f350bab9e3bd04d7c4d1d
2026-07-18 002632,research-scratch/screenshot-notes/Screenshot 2026-07-18 002632.md,menu,C732,1,cluster-rep,,yes,Rice Shower,no,yes,0ce49656c816c87befc2787c7007c00845806241cc6f350bab9e3bd04d7c4d1d
2026-07-18 002941,research-scratch/screenshot-notes/Screenshot 2026-07-18 002941.md,career-progression,C733,1,cluster-rep,,no,,n/a,n/a,0ce49656c816c87befc2787c7007c00845806241cc6f350bab9e3bd04d7c4d1d
2026-07-18 003303,research-scratch/screenshot-notes/Screenshot 2026-07-18 003303.md,menu,C734,5,cluster-rep,,no,,n/a,n/a,0ce49656c816c87befc2787c7007c00845806241cc6f350bab9e3bd04d7c4d1d
2026-07-18 004353,research-scratch/screenshot-notes/Screenshot 2026-07-18 004353.md,race-entry,C735,1,cluster-rep,,yes,Rice Shower,no,yes,0ce49656c816c87befc2787c7007c00845806241cc6f350bab9e3bd04d7c4d1d
2026-07-18 133128,research-scratch/screenshot-notes/Screenshot 2026-07-18 133128.md,career-progression,C736,1,cluster-rep,,no,,n/a,n/a,0ce49656c816c87befc2787c7007c00845806241cc6f350bab9e3bd04d7c4d1d
2026-07-18 133312,research-scratch/screenshot-notes/Screenshot 2026-07-18 133312.md,training,C738,1,cluster-rep,,yes,Rice Shower,no,yes,0ce49656c816c87befc2787c7007c00845806241cc6f350bab9e3bd04d7c4d1d
2026-07-18 133322,research-scratch/screenshot-notes/Screenshot 2026-07-18 133322.md,training,C739,3,cluster-rep,yes,yes,Rice Shower,no,yes,0ce49656c816c87befc2787c7007c00845806241cc6f350bab9e3bd04d7c4d1d
2026-07-18 133731,research-scratch/screenshot-notes/Screenshot 2026-07-18 133731.md,character-detail,C740,1,cluster-rep,,yes,Rice Shower,no,yes,0ce49656c816c87befc2787c7007c00845806241cc6f350bab9e3bd04d7c4d1d
2026-07-18 134106,research-scratch/screenshot-notes/Screenshot 2026-07-18 134106.md,other,C741,1,cluster-rep,,no,,n/a,n/a,0ce49656c816c87befc2787c7007c00845806241cc6f350bab9e3bd04d7c4d1d
2026-07-18 134917,research-scratch/screenshot-notes/Screenshot 2026-07-18 134917.md,training,C742,2,cluster-rep,yes,no,,n/a,n/a,0ce49656c816c87befc2787c7007c00845806241cc6f350bab9e3bd04d7c4d1d
2026-07-18 135745,research-scratch/screenshot-notes/Screenshot 2026-07-18 135745.md,training,C744,1,cluster-rep,,no,,n/a,n/a,0ce49656c816c87befc2787c7007c00845806241cc6f350bab9e3bd04d7c4d1d
2026-07-18 135751,research-scratch/screenshot-notes/Screenshot 2026-07-18 135751.md,training,C745,2,cluster-rep,yes,no,,n/a,n/a,0ce49656c816c87befc2787c7007c00845806241cc6f350bab9e3bd04d7c4d1d
2026-07-18 135756,research-scratch/screenshot-notes/Screenshot 2026-07-18 135756.md,training,C746,1,cluster-rep,yes,no,,n/a,n/a,0ce49656c816c87befc2787c7007c00845806241cc6f350bab9e3bd04d7c4d1d
2026-07-18 135801,research-scratch/screenshot-notes/Screenshot 2026-07-18 135801.md,training,C747,2,cluster-rep,,no,,n/a,n/a,0ce49656c816c87befc2787c7007c00845806241cc6f350bab9e3bd04d7c4d1d
2026-07-18 155757,research-scratch/screenshot-notes/Screenshot 2026-07-18 155757.md,race-entry,C748,1,cluster-rep,,yes,Rice Shower,no,yes,0ce49656c816c87befc2787c7007c00845806241cc6f350bab9e3bd04d7c4d1d
2026-07-18 160438,research-scratch/screenshot-notes/Screenshot 2026-07-18 160438.md,character-detail,C749,2,cluster-rep,,yes,Rice Shower,no,yes,0ce49656c816c87befc2787c7007c00845806241cc6f350bab9e3bd04d7c4d1d
2026-07-18 160543,research-scratch/screenshot-notes/Screenshot 2026-07-18 160543.md,career-progression,C750,11,cluster-rep,,no,,n/a,n/a,0ce49656c816c87befc2787c7007c00845806241cc6f350bab9e3bd04d7c4d1d
2026-07-18 161122,research-scratch/screenshot-notes/Screenshot 2026-07-18 161122.md,career-progression,C751,2,cluster-rep,,no,,n/a,n/a,0ce49656c816c87befc2787c7007c00845806241cc6f350bab9e3bd04d7c4d1d
