cluster_id,rep,count,dim_w,dim_h,full_size,note_exists,source_sha
C001,2026-07-14 025344,1,1920,1080,yes,yes,0ce49656c816c87befc2787c7007c00845806241cc6f350bab9e3bd04d7c4d1d
C002,2026-07-14 025400,1,613,602,no,no,0ce49656c816c87befc2787c7007c00845806241cc6f350bab9e3bd04d7c4d1d
C003,2026-07-14 033049,1,603,1045,no,no,0ce49656c816c87befc2787c7007c00845806241cc6f350bab9e3bd04d7c4d1d
C004,2026-07-14 115424,1,809,1079,no,no,0ce49656c816c87befc2787c7007c00845806241cc6f350bab9e3bd04d7c4d1d
C005,2026-07-14 115520,1,809,1079,no,no,0ce49656c816c87befc2787c7007c00845806241cc6f350bab9e3bd04d7c4d1d
C006,2026-07-14 115645,1,809,1078,no,no,0ce49656c816c87befc2787c7007c00845806241cc6f350bab9e3bd04d7c4d1d
C007,2026-07-14 115726,1,809,1079,no,no,0ce49656c816c87befc2787c7007c00845806241cc6f350bab9e3bd04d7c4d1d
C008,2026-07-14 121144,10,810,1079,no,no,0ce49656c816c87befc2787c7007c00845806241cc6f350bab9e3bd04d7c4d1d
C009,2026-07-14 121312,1,810,1079,no,no,0ce49656c816c87befc2787c7007c00845806241cc6f350bab9e3bd04d7c4d1d
C010,2026-07-14 122331,7,1531,1079,no,no,0ce49656c816c87befc2787c7007c00845806241cc6f350bab9e3bd04d7c4d1d
C011,2026-07-14 123059,1,715,1005,no,no,0ce49656c816c87befc2787c7007c00845806241cc6f350bab9e3bd04d7c4d1d
C012,2026-07-14 123108,1,606,988,no,no,0ce49656c816c87befc2787c7007c00845806241cc6f350bab9e3bd04d7c4d1d
C013,2026-07-14 123231,1,692,859,no,no,0ce49656c816c87befc2787c7007c00845806241cc6f350bab9e3bd04d7c4d1d
C014,2026-07-14 123239,1,744,870,no,no,0ce49656c816c87befc2787c7007c00845806241cc6f350bab9e3bd04d7c4d1d
C015,2026-07-14 123246,1,760,877,no,no,0ce49656c816c87befc2787c7007c00845806241cc6f350bab9e3bd04d7c4d1d
C016,2026-07-14 123417,1,707,826,no,no,0ce49656c816c87befc2787c7007c00845806241cc6f350bab9e3bd04d7c4d1d
C017,2026-07-14 123907,1,678,859,no,no,0ce49656c816c87befc2787c7007c00845806241cc6f350bab9e3bd04d7c4d1d
C018,2026-07-14 124023,1,685,837,no,no,0ce49656c816c87befc2787c7007c00845806241cc6f350bab9e3bd04d7c4d1d
C019,2026-07-14 124030,1,702,856,no,no,0ce49656c816c87befc2787c7007c00845806241cc6f350bab9e3bd04d7c4d1d
C020,2026-07-14 124128,1,1505,663,no,no,0ce49656c816c87befc2787c7007c00845806241cc6f350bab9e3bd04d7c4d1d
C021,2026-07-14 124202,1,700,959,no,no,0ce49656c816c87befc2787c7007c00845806241cc6f350bab9e3bd04d7c4d1d
C022,2026-07-14 124352,1,687,973,no,no,0ce49656c816c87befc2787c7007c00845806241cc6f350bab9e3bd04d7c4d1d
C023,2026-07-14 124413,2,691,969,no,no,0ce49656c816c87befc2787c7007c00845806241cc6f350bab9e3bd04d7c4d1d
C024,2026-07-14 124420,1,679,963,no,no,0ce49656c816c87befc2787c7007c00845806241cc6f350bab9e3bd04d7c4d1d
C025,2026-07-14 124534,3,693,975,no,no,0ce49656c816c87befc2787c7007c00845806241cc6f350bab9e3bd04d7c4d1d
C026,2026-07-14 124828,1,693,973,no,no,0ce49656c816c87befc2787c7007c00845806241cc6f350bab9e3bd04d7c4d1d
C027,2026-07-14 124926,1,1485,657,no,no,0ce49656c816c87befc2787c7007c00845806241cc6f350bab9e3bd04d7c4d1d
C028,2026-07-14 125049,2,691,966,no,no,0ce49656c816c87befc2787c7007c00845806241cc6f350bab9e3bd04d7c4d1d
C029,2026-07-14 130907,1,591,648,no,no,0ce49656c816c87befc2787c7007c00845806241cc6f350bab9e3bd04d7c4d1d
C030,2026-07-14 130915,1,600,641,no,no,0ce49656c816c87befc2787c7007c00845806241cc6f350bab9e3bd04d7c4d1d
C031,2026-07-14 185459,1,610,632,no,no,0ce49656c816c87befc2787c7007c00845806241cc6f350bab9e3bd04d7c4d1d
C032,2026-07-14 185506,1,613,456,no,no,0ce49656c816c87befc2787c7007c00845806241cc6f350bab9e3bd04d7c4d1d
C033,2026-07-14 185940,1,806,962,no,no,0ce49656c816c87befc2787c7007c00845806241cc6f350bab9e3bd04d7c4d1d
C034,2026-07-14 185947,1,809,973,no,no,0ce49656c816c87befc2787c7007c00845806241cc6f350bab9e3bd04d7c4d1d
C035,2026-07-14 185954,1,802,972,no,no,0ce49656c816c87befc2787c7007c00845806241cc6f350bab9e3bd04d7c4d1d
C036,2026-07-14 190002,1,809,962,no,no,0ce49656c816c87befc2787c7007c00845806241cc6f350bab9e3bd04d7c4d1d
C037,2026-07-14 190428,1,460,161,no,no,0ce49656c816c87befc2787c7007c00845806241cc6f350bab9e3bd04d7c4d1d
C038,2026-07-14 190501,1,364,410,no,no,0ce49656c816c87befc2787c7007c00845806241cc6f350bab9e3bd04d7c4d1d
C039,2026-07-14 190555,1,1518,864,no,no,0ce49656c816c87befc2787c7007c00845806241cc6f350bab9e3bd04d7c4d1d
C040,2026-07-14 190705,1,698,975,no,no,0ce49656c816c87befc2787c7007c00845806241cc6f350bab9e3bd04d7c4d1d
C041,2026-07-14 190735,1,702,957,no,no,0ce49656c816c87befc2787c7007c00845806241cc6f350bab9e3bd04d7c4d1d
C042,2026-07-14 190742,1,689,953,no,no,0ce49656c816c87befc2787c7007c00845806241cc6f350bab9e3bd04d7c4d1d
C043,2026-07-14 190913,1,1396,844,no,no,0ce49656c816c87befc2787c7007c00845806241cc6f350bab9e3bd04d7c4d1d
C044,2026-07-14 190955,1,695,839,no,no,0ce49656c816c87befc2787c7007c00845806241cc6f350bab9e3bd04d7c4d1d
C045,2026-07-14 191053,1,822,1066,no,no,0ce49656c816c87befc2787c7007c00845806241cc6f350bab9e3bd04d7c4d1d
C046,2026-07-14 191100,2,803,987,no,no,0ce49656c816c87befc2787c7007c00845806241cc6f350bab9e3bd04d7c4d1d
C047,2026-07-14 191158,1,1405,807,no,no,0ce49656c816c87befc2787c7007c00845806241cc6f350bab9e3bd04d7c4d1d
C048,2026-07-14 191311,1,737,976,no,no,0ce49656c816c87befc2787c7007c00845806241cc6f350bab9e3bd04d7c4d1d
C049,2026-07-14 191338,3,715,989,no,no,0ce49656c816c87befc2787c7007c00845806241cc6f350bab9e3bd04d7c4d1d
C050,2026-07-14 191443,1,684,990,no,no,0ce49656c816c87befc2787c7007c00845806241cc6f350bab9e3bd04d7c4d1d
C051,2026-07-14 191459,1,602,774,no,no,0ce49656c816c87befc2787c7007c00845806241cc6f350bab9e3bd04d7c4d1d
C052,2026-07-14 191535,1,1531,785,no,no,0ce49656c816c87befc2787c7007c00845806241cc6f350bab9e3bd04d7c4d1d
C053,2026-07-14 191723,1,719,1008,no,no,0ce49656c816c87befc2787c7007c00845806241cc6f350bab9e3bd04d7c4d1d
C054,2026-07-14 191916,1,591,427,no,no,0ce49656c816c87befc2787c7007c00845806241cc6f350bab9e3bd04d7c4d1d
C055,2026-07-14 191930,1,628,682,no,no,0ce49656c816c87befc2787c7007c00845806241cc6f350bab9e3bd04d7c4d1d
C056,2026-07-14 191937,1,640,665,no,no,0ce49656c816c87befc2787c7007c00845806241cc6f350bab9e3bd04d7c4d1d
C057,2026-07-14 192811,1,609,752,no,no,0ce49656c816c87befc2787c7007c00845806241cc6f350bab9e3bd04d7c4d1d
C058,2026-07-14 193849,1,652,959,no,no,0ce49656c816c87befc2787c7007c00845806241cc6f350bab9e3bd04d7c4d1d
C059,2026-07-14 193855,1,611,844,no,no,0ce49656c816c87befc2787c7007c00845806241cc6f350bab9e3bd04d7c4d1d
C060,2026-07-14 193902,1,621,966,no,no,0ce49656c816c87befc2787c7007c00845806241cc6f350bab9e3bd04d7c4d1d
C061,2026-07-14 194158,13,713,979,no,no,0ce49656c816c87befc2787c7007c00845806241cc6f350bab9e3bd04d7c4d1d
C062,2026-07-14 194317,1,606,761,no,no,0ce49656c816c87befc2787c7007c00845806241cc6f350bab9e3bd04d7c4d1d
C063,2026-07-14 194326,10,705,983,no,no,0ce49656c816c87befc2787c7007c00845806241cc6f350bab9e3bd04d7c4d1d
C064,2026-07-14 194518,1,705,990,no,no,0ce49656c816c87befc2787c7007c00845806241cc6f350bab9e3bd04d7c4d1d
C065,2026-07-14 194531,17,732,1001,no,no,0ce49656c816c87befc2787c7007c00845806241cc6f350bab9e3bd04d7c4d1d
C066,2026-07-14 194812,1,685,1001,no,no,0ce49656c816c87befc2787c7007c00845806241cc6f350bab9e3bd04d7c4d1d
C067,2026-07-14 194819,23,730,986,no,yes,0ce49656c816c87befc2787c7007c00845806241cc6f350bab9e3bd04d7c4d1d
C068,2026-07-14 194947,1,702,975,no,no,0ce49656c816c87befc2787c7007c00845806241cc6f350bab9e3bd04d7c4d1d
C069,2026-07-14 195633,1,617,659,no,no,0ce49656c816c87befc2787c7007c00845806241cc6f350bab9e3bd04d7c4d1d
C070,2026-07-14 195745,1,703,968,no,no,0ce49656c816c87befc2787c7007c00845806241cc6f350bab9e3bd04d7c4d1d
C071,2026-07-14 195751,1,741,951,no,no,0ce49656c816c87befc2787c7007c00845806241cc6f350bab9e3bd04d7c4d1d
C072,2026-07-14 195758,1,700,986,no,no,0ce49656c816c87befc2787c7007c00845806241cc6f350bab9e3bd04d7c4d1d
C073,2026-07-14 195953,1,1392,901,no,no,0ce49656c816c87befc2787c7007c00845806241cc6f350bab9e3bd04d7c4d1d
C074,2026-07-14 200435,1,676,976,no,no,0ce49656c816c87befc2787c7007c00845806241cc6f350bab9e3bd04d7c4d1d
C075,2026-07-14 200804,1,610,392,no,no,0ce49656c816c87befc2787c7007c00845806241cc6f350bab9e3bd04d7c4d1d
C076,2026-07-14 201146,4,627,666,no,no,0ce49656c816c87befc2787c7007c00845806241cc6f350bab9e3bd04d7c4d1d
C077,2026-07-14 201155,2,615,660,no,no,0ce49656c816c87befc2787c7007c00845806241cc6f350bab9e3bd04d7c4d1d
C078,2026-07-14 201202,1,610,652,no,no,0ce49656c816c87befc2787c7007c00845806241cc6f350bab9e3bd04d7c4d1d
C079,2026-07-14 201209,1,638,652,no,no,0ce49656c816c87befc2787c7007c00845806241cc6f350bab9e3bd04d7c4d1d
C080,2026-07-14 201347,1,612,661,no,no,0ce49656c816c87befc2787c7007c00845806241cc6f350bab9e3bd04d7c4d1d
C081,2026-07-14 202142,38,721,993,no,yes,0ce49656c816c87befc2787c7007c00845806241cc6f350bab9e3bd04d7c4d1d
C082,2026-07-14 202229,1,618,763,no,no,0ce49656c816c87befc2787c7007c00845806241cc6f350bab9e3bd04d7c4d1d
C083,2026-07-14 202253,1,814,1071,no,no,0ce49656c816c87befc2787c7007c00845806241cc6f350bab9e3bd04d7c4d1d
C084,2026-07-14 202407,1,610,872,no,no,0ce49656c816c87befc2787c7007c00845806241cc6f350bab9e3bd04d7c4d1d
C085,2026-07-14 202507,1,624,659,no,no,0ce49656c816c87befc2787c7007c00845806241cc6f350bab9e3bd04d7c4d1d
C086,2026-07-14 202517,1,634,632,no,no,0ce49656c816c87befc2787c7007c00845806241cc6f350bab9e3bd04d7c4d1d
C087,2026-07-14 202639,1,614,691,no,no,0ce49656c816c87befc2787c7007c00845806241cc6f350bab9e3bd04d7c4d1d
C088,2026-07-14 202723,1,608,914,no,no,0ce49656c816c87befc2787c7007c00845806241cc6f350bab9e3bd04d7c4d1d
C089,2026-07-14 202754,1,615,645,no,no,0ce49656c816c87befc2787c7007c00845806241cc6f350bab9e3bd04d7c4d1d
C090,2026-07-14 202804,1,641,630,no,no,0ce49656c816c87befc2787c7007c00845806241cc6f350bab9e3bd04d7c4d1d
C091,2026-07-14 202811,1,604,626,no,no,0ce49656c816c87befc2787c7007c00845806241cc6f350bab9e3bd04d7c4d1d
C092,2026-07-14 203104,1,603,841,no,no,0ce49656c816c87befc2787c7007c00845806241cc6f350bab9e3bd04d7c4d1d
C093,2026-07-14 203135,1,578,817,no,no,0ce49656c816c87befc2787c7007c00845806241cc6f350bab9e3bd04d7c4d1d
C094,2026-07-14 203157,1,1414,813,no,no,0ce49656c816c87befc2787c7007c00845806241cc6f350bab9e3bd04d7c4d1d
C095,2026-07-14 203241,1,595,375,no,no,0ce49656c816c87befc2787c7007c00845806241cc6f350bab9e3bd04d7c4d1d
C096,2026-07-14 203302,1,628,773,no,no,0ce49656c816c87befc2787c7007c00845806241cc6f350bab9e3bd04d7c4d1d
C097,2026-07-14 203332,1,698,962,no,no,0ce49656c816c87befc2787c7007c00845806241cc6f350bab9e3bd04d7c4d1d
C098,2026-07-14 203345,1,715,957,no,no,0ce49656c816c87befc2787c7007c00845806241cc6f350bab9e3bd04d7c4d1d
C099,2026-07-14 203353,2,705,971,no,no,0ce49656c816c87befc2787c7007c00845806241cc6f350bab9e3bd04d7c4d1d
C100,2026-07-14 203446,1,1492,776,no,no,0ce49656c816c87befc2787c7007c00845806241cc6f350bab9e3bd04d7c4d1d
C101,2026-07-14 223739,1,699,955,no,no,0ce49656c816c87befc2787c7007c00845806241cc6f350bab9e3bd04d7c4d1d
C102,2026-07-14 223941,1,594,753,no,no,0ce49656c816c87befc2787c7007c00845806241cc6f350bab9e3bd04d7c4d1d
C103,2026-07-14 224050,1,1498,737,no,no,0ce49656c816c87befc2787c7007c00845806241cc6f350bab9e3bd04d7c4d1d
C104,2026-07-14 224100,1,1397,475,no,no,0ce49656c816c87befc2787c7007c00845806241cc6f350bab9e3bd04d7c4d1d
C105,2026-07-14 224131,1,450,218,no,no,0ce49656c816c87befc2787c7007c00845806241cc6f350bab9e3bd04d7c4d1d
C106,2026-07-14 224211,4,706,945,no,no,0ce49656c816c87befc2787c7007c00845806241cc6f350bab9e3bd04d7c4d1d
C107,2026-07-14 224440,7,711,985,no,no,0ce49656c816c87befc2787c7007c00845806241cc6f350bab9e3bd04d7c4d1d
C108,2026-07-14 224531,1,1393,779,no,no,0ce49656c816c87befc2787c7007c00845806241cc6f350bab9e3bd04d7c4d1d
C109,2026-07-14 224615,1,681,952,no,no,0ce49656c816c87befc2787c7007c00845806241cc6f350bab9e3bd04d7c4d1d
C110,2026-07-14 224640,1,702,958,no,no,0ce49656c816c87befc2787c7007c00845806241cc6f350bab9e3bd04d7c4d1d
C111,2026-07-14 224738,1,579,905,no,no,0ce49656c816c87befc2787c7007c00845806241cc6f350bab9e3bd04d7c4d1d
C112,2026-07-14 224817,1,708,994,no,no,0ce49656c816c87befc2787c7007c00845806241cc6f350bab9e3bd04d7c4d1d
C113,2026-07-14 224904,1,1416,818,no,no,0ce49656c816c87befc2787c7007c00845806241cc6f350bab9e3bd04d7c4d1d
C114,2026-07-14 225128,1,613,723,no,no,0ce49656c816c87befc2787c7007c00845806241cc6f350bab9e3bd04d7c4d1d
C115,2026-07-14 225137,1,614,687,no,no,0ce49656c816c87befc2787c7007c00845806241cc6f350bab9e3bd04d7c4d1d
C116,2026-07-14 225145,1,600,677,no,no,0ce49656c816c87befc2787c7007c00845806241cc6f350bab9e3bd04d7c4d1d
C117,2026-07-14 225153,1,600,578,no,no,0ce49656c816c87befc2787c7007c00845806241cc6f350bab9e3bd04d7c4d1d
C118,2026-07-14 225200,1,595,589,no,no,0ce49656c816c87befc2787c7007c00845806241cc6f350bab9e3bd04d7c4d1d
C119,2026-07-14 225208,1,597,571,no,no,0ce49656c816c87befc2787c7007c00845806241cc6f350bab9e3bd04d7c4d1d
C120,2026-07-14 225721,1,612,779,no,no,0ce49656c816c87befc2787c7007c00845806241cc6f350bab9e3bd04d7c4d1d
C121,2026-07-14 225748,2,703,979,no,no,0ce49656c816c87befc2787c7007c00845806241cc6f350bab9e3bd04d7c4d1d
C122,2026-07-14 225936,1,603,747,no,no,0ce49656c816c87befc2787c7007c00845806241cc6f350bab9e3bd04d7c4d1d
C123,2026-07-14 225944,1,690,945,no,no,0ce49656c816c87befc2787c7007c00845806241cc6f350bab9e3bd04d7c4d1d
C124,2026-07-14 225956,5,692,960,no,no,0ce49656c816c87befc2787c7007c00845806241cc6f350bab9e3bd04d7c4d1d
C125,2026-07-14 230446,1,1445,868,no,no,0ce49656c816c87befc2787c7007c00845806241cc6f350bab9e3bd04d7c4d1d
C126,2026-07-14 230553,1,691,974,no,no,0ce49656c816c87befc2787c7007c00845806241cc6f350bab9e3bd04d7c4d1d
C127,2026-07-14 230754,1,614,880,no,no,0ce49656c816c87befc2787c7007c00845806241cc6f350bab9e3bd04d7c4d1d
C128,2026-07-14 231030,1,616,822,no,no,0ce49656c816c87befc2787c7007c00845806241cc6f350bab9e3bd04d7c4d1d
C129,2026-07-14 231040,3,612,615,no,no,0ce49656c816c87befc2787c7007c00845806241cc6f350bab9e3bd04d7c4d1d
C130,2026-07-14 231409,1,561,967,no,no,0ce49656c816c87befc2787c7007c00845806241cc6f350bab9e3bd04d7c4d1d
C131,2026-07-14 231510,1,697,972,no,no,0ce49656c816c87befc2787c7007c00845806241cc6f350bab9e3bd04d7c4d1d
C132,2026-07-14 231523,3,702,976,no,no,0ce49656c816c87befc2787c7007c00845806241cc6f350bab9e3bd04d7c4d1d
C133,2026-07-14 231530,1,703,966,no,no,0ce49656c816c87befc2787c7007c00845806241cc6f350bab9e3bd04d7c4d1d
C134,2026-07-14 231537,1,714,973,no,no,0ce49656c816c87befc2787c7007c00845806241cc6f350bab9e3bd04d7c4d1d
C135,2026-07-14 231619,1,704,951,no,no,0ce49656c816c87befc2787c7007c00845806241cc6f350bab9e3bd04d7c4d1d
C136,2026-07-14 231721,1,589,749,no,no,0ce49656c816c87befc2787c7007c00845806241cc6f350bab9e3bd04d7c4d1d
C137,2026-07-14 231729,4,695,958,no,no,0ce49656c816c87befc2787c7007c00845806241cc6f350bab9e3bd04d7c4d1d
C138,2026-07-14 231736,1,692,949,no,no,0ce49656c816c87befc2787c7007c00845806241cc6f350bab9e3bd04d7c4d1d
C139,2026-07-14 231742,1,684,959,no,no,0ce49656c816c87befc2787c7007c00845806241cc6f350bab9e3bd04d7c4d1d
C140,2026-07-14 231749,2,706,958,no,no,0ce49656c816c87befc2787c7007c00845806241cc6f350bab9e3bd04d7c4d1d
C141,2026-07-14 231933,3,714,959,no,no,0ce49656c816c87befc2787c7007c00845806241cc6f350bab9e3bd04d7c4d1d
C142,2026-07-14 231939,1,689,973,no,no,0ce49656c816c87befc2787c7007c00845806241cc6f350bab9e3bd04d7c4d1d
C143,2026-07-14 231959,1,695,949,no,no,0ce49656c816c87befc2787c7007c00845806241cc6f350bab9e3bd04d7c4d1d
C144,2026-07-14 232103,1,703,970,no,no,0ce49656c816c87befc2787c7007c00845806241cc6f350bab9e3bd04d7c4d1d
C145,2026-07-14 232111,9,720,975,no,no,0ce49656c816c87befc2787c7007c00845806241cc6f350bab9e3bd04d7c4d1d
C146,2026-07-14 232227,1,702,975,no,no,0ce49656c816c87befc2787c7007c00845806241cc6f350bab9e3bd04d7c4d1d
C147,2026-07-14 232236,4,713,984,no,no,0ce49656c816c87befc2787c7007c00845806241cc6f350bab9e3bd04d7c4d1d
C148,2026-07-14 232242,1,700,968,no,no,0ce49656c816c87befc2787c7007c00845806241cc6f350bab9e3bd04d7c4d1d
C149,2026-07-14 232345,1,593,586,no,no,0ce49656c816c87befc2787c7007c00845806241cc6f350bab9e3bd04d7c4d1d
C150,2026-07-14 232355,1,618,591,no,no,0ce49656c816c87befc2787c7007c00845806241cc6f350bab9e3bd04d7c4d1d
C151,2026-07-14 232414,1,595,567,no,no,0ce49656c816c87befc2787c7007c00845806241cc6f350bab9e3bd04d7c4d1d
C152,2026-07-14 232421,1,606,566,no,no,0ce49656c816c87befc2787c7007c00845806241cc6f350bab9e3bd04d7c4d1d
C153,2026-07-14 232431,1,610,576,no,no,0ce49656c816c87befc2787c7007c00845806241cc6f350bab9e3bd04d7c4d1d
C154,2026-07-14 232439,1,627,573,no,no,0ce49656c816c87befc2787c7007c00845806241cc6f350bab9e3bd04d7c4d1d
C155,2026-07-14 232453,1,611,560,no,no,0ce49656c816c87befc2787c7007c00845806241cc6f350bab9e3bd04d7c4d1d
C156,2026-07-14 232501,1,605,576,no,no,0ce49656c816c87befc2787c7007c00845806241cc6f350bab9e3bd04d7c4d1d
C157,2026-07-14 232509,1,595,580,no,no,0ce49656c816c87befc2787c7007c00845806241cc6f350bab9e3bd04d7c4d1d
C158,2026-07-14 232658,1,619,623,no,no,0ce49656c816c87befc2787c7007c00845806241cc6f350bab9e3bd04d7c4d1d
C159,2026-07-14 233259,1,693,965,no,no,0ce49656c816c87befc2787c7007c00845806241cc6f350bab9e3bd04d7c4d1d
C160,2026-07-14 233305,2,702,986,no,no,0ce49656c816c87befc2787c7007c00845806241cc6f350bab9e3bd04d7c4d1d
C161,2026-07-14 233313,1,709,957,no,no,0ce49656c816c87befc2787c7007c00845806241cc6f350bab9e3bd04d7c4d1d
C162,2026-07-14 233502,1,697,998,no,no,0ce49656c816c87befc2787c7007c00845806241cc6f350bab9e3bd04d7c4d1d
C163,2026-07-14 233539,1,610,604,no,no,0ce49656c816c87befc2787c7007c00845806241cc6f350bab9e3bd04d7c4d1d
C164,2026-07-14 233916,1,717,971,no,no,0ce49656c816c87befc2787c7007c00845806241cc6f350bab9e3bd04d7c4d1d
C165,2026-07-14 233945,1,607,896,no,no,0ce49656c816c87befc2787c7007c00845806241cc6f350bab9e3bd04d7c4d1d
C166,2026-07-14 234017,1,618,875,no,no,0ce49656c816c87befc2787c7007c00845806241cc6f350bab9e3bd04d7c4d1d
C167,2026-07-14 234034,1,620,760,no,no,0ce49656c816c87befc2787c7007c00845806241cc6f350bab9e3bd04d7c4d1d
C168,2026-07-14 234049,1,716,955,no,no,0ce49656c816c87befc2787c7007c00845806241cc6f350bab9e3bd04d7c4d1d
C169,2026-07-14 234108,1,690,961,no,no,0ce49656c816c87befc2787c7007c00845806241cc6f350bab9e3bd04d7c4d1d
C170,2026-07-14 234220,1,592,591,no,no,0ce49656c816c87befc2787c7007c00845806241cc6f350bab9e3bd04d7c4d1d
C171,2026-07-14 234227,1,604,588,no,no,0ce49656c816c87befc2787c7007c00845806241cc6f350bab9e3bd04d7c4d1d
C172,2026-07-14 234234,1,620,595,no,no,0ce49656c816c87befc2787c7007c00845806241cc6f350bab9e3bd04d7c4d1d
C173,2026-07-14 234241,2,608,576,no,no,0ce49656c816c87befc2787c7007c00845806241cc6f350bab9e3bd04d7c4d1d
C174,2026-07-14 234258,1,614,586,no,no,0ce49656c816c87befc2787c7007c00845806241cc6f350bab9e3bd04d7c4d1d
C175,2026-07-14 234304,2,621,560,no,no,0ce49656c816c87befc2787c7007c00845806241cc6f350bab9e3bd04d7c4d1d
C176,2026-07-14 234314,2,612,574,no,no,0ce49656c816c87befc2787c7007c00845806241cc6f350bab9e3bd04d7c4d1d
C177,2026-07-14 234330,1,610,555,no,no,0ce49656c816c87befc2787c7007c00845806241cc6f350bab9e3bd04d7c4d1d
C178,2026-07-14 234336,1,609,518,no,no,0ce49656c816c87befc2787c7007c00845806241cc6f350bab9e3bd04d7c4d1d
C179,2026-07-14 234448,1,617,625,no,no,0ce49656c816c87befc2787c7007c00845806241cc6f350bab9e3bd04d7c4d1d
C180,2026-07-14 234833,1,595,850,no,no,0ce49656c816c87befc2787c7007c00845806241cc6f350bab9e3bd04d7c4d1d
C181,2026-07-14 234855,1,607,518,no,no,0ce49656c816c87befc2787c7007c00845806241cc6f350bab9e3bd04d7c4d1d
C182,2026-07-14 234910,1,607,689,no,no,0ce49656c816c87befc2787c7007c00845806241cc6f350bab9e3bd04d7c4d1d
C183,2026-07-14 235015,1,637,821,no,no,0ce49656c816c87befc2787c7007c00845806241cc6f350bab9e3bd04d7c4d1d
C184,2026-07-14 235227,1,625,797,no,no,0ce49656c816c87befc2787c7007c00845806241cc6f350bab9e3bd04d7c4d1d
C185,2026-07-14 235243,1,614,799,no,no,0ce49656c816c87befc2787c7007c00845806241cc6f350bab9e3bd04d7c4d1d
C186,2026-07-14 235251,2,617,617,no,no,0ce49656c816c87befc2787c7007c00845806241cc6f350bab9e3bd04d7c4d1d
C187,2026-07-14 235300,1,617,607,no,no,0ce49656c816c87befc2787c7007c00845806241cc6f350bab9e3bd04d7c4d1d
C188,2026-07-14 235308,1,623,624,no,no,0ce49656c816c87befc2787c7007c00845806241cc6f350bab9e3bd04d7c4d1d
C189,2026-07-14 235706,1,702,944,no,no,0ce49656c816c87befc2787c7007c00845806241cc6f350bab9e3bd04d7c4d1d
C190,2026-07-14 235930,1,1402,803,no,no,0ce49656c816c87befc2787c7007c00845806241cc6f350bab9e3bd04d7c4d1d
C191,2026-07-15 000050,1,1478,683,no,no,0ce49656c816c87befc2787c7007c00845806241cc6f350bab9e3bd04d7c4d1d
C192,2026-07-15 000122,1,605,552,no,no,0ce49656c816c87befc2787c7007c00845806241cc6f350bab9e3bd04d7c4d1d
C193,2026-07-15 000133,1,620,939,no,no,0ce49656c816c87befc2787c7007c00845806241cc6f350bab9e3bd04d7c4d1d
C194,2026-07-15 000239,1,697,966,no,no,0ce49656c816c87befc2787c7007c00845806241cc6f350bab9e3bd04d7c4d1d
C195,2026-07-15 000303,1,694,946,no,no,0ce49656c816c87befc2787c7007c00845806241cc6f350bab9e3bd04d7c4d1d
C196,2026-07-15 000311,1,684,955,no,no,0ce49656c816c87befc2787c7007c00845806241cc6f350bab9e3bd04d7c4d1d
C197,2026-07-15 000406,1,694,975,no,no,0ce49656c816c87befc2787c7007c00845806241cc6f350bab9e3bd04d7c4d1d
C198,2026-07-15 000412,1,703,984,no,no,0ce49656c816c87befc2787c7007c00845806241cc6f350bab9e3bd04d7c4d1d
C199,2026-07-15 000418,2,717,960,no,no,0ce49656c816c87befc2787c7007c00845806241cc6f350bab9e3bd04d7c4d1d
C200,2026-07-15 002147,1,697,973,no,no,0ce49656c816c87befc2787c7007c00845806241cc6f350bab9e3bd04d7c4d1d
C201,2026-07-15 002154,1,699,967,no,no,0ce49656c816c87befc2787c7007c00845806241cc6f350bab9e3bd04d7c4d1d
C202,2026-07-15 002214,1,606,314,no,no,0ce49656c816c87befc2787c7007c00845806241cc6f350bab9e3bd04d7c4d1d
C203,2026-07-15 002322,1,600,598,no,no,0ce49656c816c87befc2787c7007c00845806241cc6f350bab9e3bd04d7c4d1d
C204,2026-07-15 002331,1,607,581,no,no,0ce49656c816c87befc2787c7007c00845806241cc6f350bab9e3bd04d7c4d1d
C205,2026-07-15 002338,1,619,561,no,no,0ce49656c816c87befc2787c7007c00845806241cc6f350bab9e3bd04d7c4d1d
C206,2026-07-15 002352,1,612,569,no,no,0ce49656c816c87befc2787c7007c00845806241cc6f350bab9e3bd04d7c4d1d
C207,2026-07-15 002406,1,606,576,no,no,0ce49656c816c87befc2787c7007c00845806241cc6f350bab9e3bd04d7c4d1d
C208,2026-07-15 002414,1,622,562,no,no,0ce49656c816c87befc2787c7007c00845806241cc6f350bab9e3bd04d7c4d1d
C209,2026-07-15 002421,1,610,551,no,no,0ce49656c816c87befc2787c7007c00845806241cc6f350bab9e3bd04d7c4d1d
C210,2026-07-15 002429,1,588,537,no,no,0ce49656c816c87befc2787c7007c00845806241cc6f350bab9e3bd04d7c4d1d
C211,2026-07-15 002942,1,629,625,no,no,0ce49656c816c87befc2787c7007c00845806241cc6f350bab9e3bd04d7c4d1d
C212,2026-07-15 003044,1,597,805,no,no,0ce49656c816c87befc2787c7007c00845806241cc6f350bab9e3bd04d7c4d1d
C213,2026-07-15 003850,1,620,838,no,no,0ce49656c816c87befc2787c7007c00845806241cc6f350bab9e3bd04d7c4d1d
C214,2026-07-15 003952,1,420,955,no,no,0ce49656c816c87befc2787c7007c00845806241cc6f350bab9e3bd04d7c4d1d
C215,2026-07-15 004053,1,632,765,no,no,0ce49656c816c87befc2787c7007c00845806241cc6f350bab9e3bd04d7c4d1d
C216,2026-07-15 004105,1,631,629,no,no,0ce49656c816c87befc2787c7007c00845806241cc6f350bab9e3bd04d7c4d1d
C217,2026-07-15 004225,1,601,639,no,no,0ce49656c816c87befc2787c7007c00845806241cc6f350bab9e3bd04d7c4d1d
C218,2026-07-15 004451,1,604,651,no,no,0ce49656c816c87befc2787c7007c00845806241cc6f350bab9e3bd04d7c4d1d
C219,2026-07-15 005022,1,593,1027,no,no,0ce49656c816c87befc2787c7007c00845806241cc6f350bab9e3bd04d7c4d1d
C220,2026-07-15 005844,1,608,939,no,no,0ce49656c816c87befc2787c7007c00845806241cc6f350bab9e3bd04d7c4d1d
C221,2026-07-15 005851,1,608,565,no,no,0ce49656c816c87befc2787c7007c00845806241cc6f350bab9e3bd04d7c4d1d
C222,2026-07-15 005859,1,614,572,no,no,0ce49656c816c87befc2787c7007c00845806241cc6f350bab9e3bd04d7c4d1d
C223,2026-07-15 005906,1,625,577,no,no,0ce49656c816c87befc2787c7007c00845806241cc6f350bab9e3bd04d7c4d1d
C224,2026-07-15 005913,1,605,540,no,no,0ce49656c816c87befc2787c7007c00845806241cc6f350bab9e3bd04d7c4d1d
C225,2026-07-15 005920,1,605,576,no,no,0ce49656c816c87befc2787c7007c00845806241cc6f350bab9e3bd04d7c4d1d
C226,2026-07-15 005930,1,599,555,no,no,0ce49656c816c87befc2787c7007c00845806241cc6f350bab9e3bd04d7c4d1d
C227,2026-07-15 005937,1,600,563,no,no,0ce49656c816c87befc2787c7007c00845806241cc6f350bab9e3bd04d7c4d1d
C228,2026-07-15 005945,1,597,558,no,no,0ce49656c816c87befc2787c7007c00845806241cc6f350bab9e3bd04d7c4d1d
C229,2026-07-15 005951,1,620,573,no,no,0ce49656c816c87befc2787c7007c00845806241cc6f350bab9e3bd04d7c4d1d
C230,2026-07-15 005958,1,602,556,no,no,0ce49656c816c87befc2787c7007c00845806241cc6f350bab9e3bd04d7c4d1d
C231,2026-07-15 010115,1,603,569,no,no,0ce49656c816c87befc2787c7007c00845806241cc6f350bab9e3bd04d7c4d1d
C232,2026-07-15 010123,1,628,597,no,no,0ce49656c816c87befc2787c7007c00845806241cc6f350bab9e3bd04d7c4d1d
C233,2026-07-15 010129,1,609,564,no,no,0ce49656c816c87befc2787c7007c00845806241cc6f350bab9e3bd04d7c4d1d
C234,2026-07-15 010137,1,616,580,no,no,0ce49656c816c87befc2787c7007c00845806241cc6f350bab9e3bd04d7c4d1d
C235,2026-07-15 010621,1,624,896,no,no,0ce49656c816c87befc2787c7007c00845806241cc6f350bab9e3bd04d7c4d1d
C236,2026-07-15 010636,1,614,614,no,no,0ce49656c816c87befc2787c7007c00845806241cc6f350bab9e3bd04d7c4d1d
C237,2026-07-15 011516,1,629,626,no,no,0ce49656c816c87befc2787c7007c00845806241cc6f350bab9e3bd04d7c4d1d
C238,2026-07-15 011526,2,624,1056,no,no,0ce49656c816c87befc2787c7007c00845806241cc6f350bab9e3bd04d7c4d1d
C239,2026-07-15 012028,1,630,642,no,no,0ce49656c816c87befc2787c7007c00845806241cc6f350bab9e3bd04d7c4d1d
C240,2026-07-15 012257,2,604,837,no,no,0ce49656c816c87befc2787c7007c00845806241cc6f350bab9e3bd04d7c4d1d
C241,2026-07-15 012321,1,629,923,no,no,0ce49656c816c87befc2787c7007c00845806241cc6f350bab9e3bd04d7c4d1d
C242,2026-07-15 012409,1,719,972,no,no,0ce49656c816c87befc2787c7007c00845806241cc6f350bab9e3bd04d7c4d1d
C243,2026-07-15 012415,1,709,987,no,no,0ce49656c816c87befc2787c7007c00845806241cc6f350bab9e3bd04d7c4d1d
C244,2026-07-15 012428,1,706,983,no,no,0ce49656c816c87befc2787c7007c00845806241cc6f350bab9e3bd04d7c4d1d
C245,2026-07-15 012434,1,710,971,no,no,0ce49656c816c87befc2787c7007c00845806241cc6f350bab9e3bd04d7c4d1d
C246,2026-07-15 012552,1,640,631,no,no,0ce49656c816c87befc2787c7007c00845806241cc6f350bab9e3bd04d7c4d1d
C247,2026-07-15 012851,1,636,950,no,no,0ce49656c816c87befc2787c7007c00845806241cc6f350bab9e3bd04d7c4d1d
C248,2026-07-15 012949,3,627,937,no,no,0ce49656c816c87befc2787c7007c00845806241cc6f350bab9e3bd04d7c4d1d
C249,2026-07-15 012959,1,628,624,no,no,0ce49656c816c87befc2787c7007c00845806241cc6f350bab9e3bd04d7c4d1d
C250,2026-07-15 013647,1,619,608,no,no,0ce49656c816c87befc2787c7007c00845806241cc6f350bab9e3bd04d7c4d1d
C251,2026-07-15 014006,1,715,950,no,no,0ce49656c816c87befc2787c7007c00845806241cc6f350bab9e3bd04d7c4d1d
C252,2026-07-15 014021,1,746,958,no,no,0ce49656c816c87befc2787c7007c00845806241cc6f350bab9e3bd04d7c4d1d
C253,2026-07-15 014140,1,810,1079,no,no,0ce49656c816c87befc2787c7007c00845806241cc6f350bab9e3bd04d7c4d1d
C254,2026-07-15 014204,1,588,386,no,no,0ce49656c816c87befc2787c7007c00845806241cc6f350bab9e3bd04d7c4d1d
C255,2026-07-15 014241,1,810,1079,no,no,0ce49656c816c87befc2787c7007c00845806241cc6f350bab9e3bd04d7c4d1d
C256,2026-07-15 014309,1,817,1079,no,no,0ce49656c816c87befc2787c7007c00845806241cc6f350bab9e3bd04d7c4d1d
C257,2026-07-15 014318,1,584,672,no,no,0ce49656c816c87befc2787c7007c00845806241cc6f350bab9e3bd04d7c4d1d
C258,2026-07-15 014401,1,810,1079,no,no,0ce49656c816c87befc2787c7007c00845806241cc6f350bab9e3bd04d7c4d1d
C259,2026-07-15 014518,1,607,1043,no,no,0ce49656c816c87befc2787c7007c00845806241cc6f350bab9e3bd04d7c4d1d
C260,2026-07-15 014633,1,675,985,no,no,0ce49656c816c87befc2787c7007c00845806241cc6f350bab9e3bd04d7c4d1d
C261,2026-07-15 014640,1,635,997,no,no,0ce49656c816c87befc2787c7007c00845806241cc6f350bab9e3bd04d7c4d1d
C262,2026-07-15 021057,1,373,244,no,no,0ce49656c816c87befc2787c7007c00845806241cc6f350bab9e3bd04d7c4d1d
C263,2026-07-15 021101,1,594,603,no,no,0ce49656c816c87befc2787c7007c00845806241cc6f350bab9e3bd04d7c4d1d
C264,2026-07-15 021108,1,609,756,no,no,0ce49656c816c87befc2787c7007c00845806241cc6f350bab9e3bd04d7c4d1d
C265,2026-07-15 021118,1,609,589,no,no,0ce49656c816c87befc2787c7007c00845806241cc6f350bab9e3bd04d7c4d1d
C266,2026-07-15 021125,1,595,605,no,no,0ce49656c816c87befc2787c7007c00845806241cc6f350bab9e3bd04d7c4d1d
C267,2026-07-15 021144,1,600,576,no,no,0ce49656c816c87befc2787c7007c00845806241cc6f350bab9e3bd04d7c4d1d
C268,2026-07-15 021152,1,612,781,no,no,0ce49656c816c87befc2787c7007c00845806241cc6f350bab9e3bd04d7c4d1d
C269,2026-07-15 021159,1,595,736,no,no,0ce49656c816c87befc2787c7007c00845806241cc6f350bab9e3bd04d7c4d1d
C270,2026-07-15 021206,1,628,752,no,no,0ce49656c816c87befc2787c7007c00845806241cc6f350bab9e3bd04d7c4d1d
C271,2026-07-15 021213,1,598,714,no,no,0ce49656c816c87befc2787c7007c00845806241cc6f350bab9e3bd04d7c4d1d
C272,2026-07-15 021223,1,611,582,no,no,0ce49656c816c87befc2787c7007c00845806241cc6f350bab9e3bd04d7c4d1d
C273,2026-07-15 021235,1,602,718,no,no,0ce49656c816c87befc2787c7007c00845806241cc6f350bab9e3bd04d7c4d1d
C274,2026-07-15 021408,9,613,605,no,no,0ce49656c816c87befc2787c7007c00845806241cc6f350bab9e3bd04d7c4d1d
C275,2026-07-15 021452,2,592,597,no,no,0ce49656c816c87befc2787c7007c00845806241cc6f350bab9e3bd04d7c4d1d
C276,2026-07-15 021550,1,591,597,no,no,0ce49656c816c87befc2787c7007c00845806241cc6f350bab9e3bd04d7c4d1d
C277,2026-07-15 021555,1,590,605,no,no,0ce49656c816c87befc2787c7007c00845806241cc6f350bab9e3bd04d7c4d1d
C278,2026-07-15 021602,1,603,609,no,no,0ce49656c816c87befc2787c7007c00845806241cc6f350bab9e3bd04d7c4d1d
C279,2026-07-15 021608,1,611,613,no,no,0ce49656c816c87befc2787c7007c00845806241cc6f350bab9e3bd04d7c4d1d
C280,2026-07-15 021614,1,598,596,no,no,0ce49656c816c87befc2787c7007c00845806241cc6f350bab9e3bd04d7c4d1d
C281,2026-07-15 021621,2,598,579,no,no,0ce49656c816c87befc2787c7007c00845806241cc6f350bab9e3bd04d7c4d1d
C282,2026-07-15 021640,1,586,593,no,no,0ce49656c816c87befc2787c7007c00845806241cc6f350bab9e3bd04d7c4d1d
C283,2026-07-15 021647,1,600,596,no,no,0ce49656c816c87befc2787c7007c00845806241cc6f350bab9e3bd04d7c4d1d
C284,2026-07-15 022326,1,1509,1043,no,no,0ce49656c816c87befc2787c7007c00845806241cc6f350bab9e3bd04d7c4d1d
C285,2026-07-15 022451,1,634,1065,no,no,0ce49656c816c87befc2787c7007c00845806241cc6f350bab9e3bd04d7c4d1d
C286,2026-07-15 022553,7,1419,1061,no,no,0ce49656c816c87befc2787c7007c00845806241cc6f350bab9e3bd04d7c4d1d
C287,2026-07-15 023023,1,560,632,no,no,0ce49656c816c87befc2787c7007c00845806241cc6f350bab9e3bd04d7c4d1d
C288,2026-07-15 023150,1,607,879,no,no,0ce49656c816c87befc2787c7007c00845806241cc6f350bab9e3bd04d7c4d1d
C289,2026-07-15 023159,1,616,631,no,no,0ce49656c816c87befc2787c7007c00845806241cc6f350bab9e3bd04d7c4d1d
C290,2026-07-15 023207,2,700,954,no,no,0ce49656c816c87befc2787c7007c00845806241cc6f350bab9e3bd04d7c4d1d
C291,2026-07-15 023214,1,618,948,no,no,0ce49656c816c87befc2787c7007c00845806241cc6f350bab9e3bd04d7c4d1d
C292,2026-07-15 023226,1,692,963,no,no,0ce49656c816c87befc2787c7007c00845806241cc6f350bab9e3bd04d7c4d1d
C293,2026-07-15 023233,1,621,963,no,no,0ce49656c816c87befc2787c7007c00845806241cc6f350bab9e3bd04d7c4d1d
C294,2026-07-15 023638,1,680,951,no,no,0ce49656c816c87befc2787c7007c00845806241cc6f350bab9e3bd04d7c4d1d
C295,2026-07-15 023651,1,685,895,no,no,0ce49656c816c87befc2787c7007c00845806241cc6f350bab9e3bd04d7c4d1d
C296,2026-07-15 023844,1,686,932,no,no,0ce49656c816c87befc2787c7007c00845806241cc6f350bab9e3bd04d7c4d1d
C297,2026-07-15 023851,1,682,931,no,no,0ce49656c816c87befc2787c7007c00845806241cc6f350bab9e3bd04d7c4d1d
C298,2026-07-15 023858,3,684,948,no,no,0ce49656c816c87befc2787c7007c00845806241cc6f350bab9e3bd04d7c4d1d
C299,2026-07-15 024025,1,1392,789,no,no,0ce49656c816c87befc2787c7007c00845806241cc6f350bab9e3bd04d7c4d1d
C300,2026-07-15 024055,4,685,945,no,no,0ce49656c816c87befc2787c7007c00845806241cc6f350bab9e3bd04d7c4d1d
C301,2026-07-15 024104,1,678,950,no,no,0ce49656c816c87befc2787c7007c00845806241cc6f350bab9e3bd04d7c4d1d
C302,2026-07-15 024113,1,680,944,no,no,0ce49656c816c87befc2787c7007c00845806241cc6f350bab9e3bd04d7c4d1d
C303,2026-07-15 024119,1,686,955,no,no,0ce49656c816c87befc2787c7007c00845806241cc6f350bab9e3bd04d7c4d1d
C304,2026-07-15 024211,1,687,960,no,no,0ce49656c816c87befc2787c7007c00845806241cc6f350bab9e3bd04d7c4d1d
C305,2026-07-15 024229,1,690,952,no,no,0ce49656c816c87befc2787c7007c00845806241cc6f350bab9e3bd04d7c4d1d
C306,2026-07-15 024328,1,604,662,no,no,0ce49656c816c87befc2787c7007c00845806241cc6f350bab9e3bd04d7c4d1d
C307,2026-07-15 024408,1,1505,649,no,no,0ce49656c816c87befc2787c7007c00845806241cc6f350bab9e3bd04d7c4d1d
C308,2026-07-15 024447,1,683,962,no,no,0ce49656c816c87befc2787c7007c00845806241cc6f350bab9e3bd04d7c4d1d
C309,2026-07-15 024455,1,697,932,no,no,0ce49656c816c87befc2787c7007c00845806241cc6f350bab9e3bd04d7c4d1d
C310,2026-07-15 024535,1,699,958,no,no,0ce49656c816c87befc2787c7007c00845806241cc6f350bab9e3bd04d7c4d1d
C311,2026-07-15 024603,1,694,949,no,no,0ce49656c816c87befc2787c7007c00845806241cc6f350bab9e3bd04d7c4d1d
C312,2026-07-15 024643,1,698,957,no,no,0ce49656c816c87befc2787c7007c00845806241cc6f350bab9e3bd04d7c4d1d
C313,2026-07-15 024652,1,697,954,no,no,0ce49656c816c87befc2787c7007c00845806241cc6f350bab9e3bd04d7c4d1d
C314,2026-07-15 024659,4,689,951,no,no,0ce49656c816c87befc2787c7007c00845806241cc6f350bab9e3bd04d7c4d1d
C315,2026-07-15 024709,1,692,965,no,no,0ce49656c816c87befc2787c7007c00845806241cc6f350bab9e3bd04d7c4d1d
C316,2026-07-15 024749,3,1534,655,no,no,0ce49656c816c87befc2787c7007c00845806241cc6f350bab9e3bd04d7c4d1d
C317,2026-07-15 024859,1,1507,658,no,no,0ce49656c816c87befc2787c7007c00845806241cc6f350bab9e3bd04d7c4d1d
C318,2026-07-15 024927,1,706,968,no,no,0ce49656c816c87befc2787c7007c00845806241cc6f350bab9e3bd04d7c4d1d
C319,2026-07-15 025051,1,596,652,no,no,0ce49656c816c87befc2787c7007c00845806241cc6f350bab9e3bd04d7c4d1d
C320,2026-07-15 025100,1,612,668,no,no,0ce49656c816c87befc2787c7007c00845806241cc6f350bab9e3bd04d7c4d1d
C321,2026-07-15 025108,1,591,569,no,no,0ce49656c816c87befc2787c7007c00845806241cc6f350bab9e3bd04d7c4d1d
C322,2026-07-15 025116,1,599,570,no,no,0ce49656c816c87befc2787c7007c00845806241cc6f350bab9e3bd04d7c4d1d
C323,2026-07-15 025125,1,612,583,no,no,0ce49656c816c87befc2787c7007c00845806241cc6f350bab9e3bd04d7c4d1d
C324,2026-07-15 025134,1,631,644,no,no,0ce49656c816c87befc2787c7007c00845806241cc6f350bab9e3bd04d7c4d1d
C325,2026-07-15 025248,1,614,612,no,no,0ce49656c816c87befc2787c7007c00845806241cc6f350bab9e3bd04d7c4d1d
C326,2026-07-15 025301,1,615,610,no,no,0ce49656c816c87befc2787c7007c00845806241cc6f350bab9e3bd04d7c4d1d
C327,2026-07-15 025511,1,630,484,no,no,0ce49656c816c87befc2787c7007c00845806241cc6f350bab9e3bd04d7c4d1d
C328,2026-07-15 025519,1,634,946,no,no,0ce49656c816c87befc2787c7007c00845806241cc6f350bab9e3bd04d7c4d1d
C329,2026-07-15 025612,1,1489,783,no,no,0ce49656c816c87befc2787c7007c00845806241cc6f350bab9e3bd04d7c4d1d
C330,2026-07-15 025620,1,631,663,no,no,0ce49656c816c87befc2787c7007c00845806241cc6f350bab9e3bd04d7c4d1d
C331,2026-07-15 025645,1,640,557,no,no,0ce49656c816c87befc2787c7007c00845806241cc6f350bab9e3bd04d7c4d1d
C332,2026-07-15 025653,1,616,640,no,no,0ce49656c816c87befc2787c7007c00845806241cc6f350bab9e3bd04d7c4d1d
C333,2026-07-15 025733,1,614,1006,no,no,0ce49656c816c87befc2787c7007c00845806241cc6f350bab9e3bd04d7c4d1d
C334,2026-07-15 025740,2,606,754,no,no,0ce49656c816c87befc2787c7007c00845806241cc6f350bab9e3bd04d7c4d1d
C335,2026-07-15 025753,1,604,458,no,no,0ce49656c816c87befc2787c7007c00845806241cc6f350bab9e3bd04d7c4d1d
C336,2026-07-15 025800,1,621,542,no,no,0ce49656c816c87befc2787c7007c00845806241cc6f350bab9e3bd04d7c4d1d
C337,2026-07-15 030350,7,622,946,no,no,0ce49656c816c87befc2787c7007c00845806241cc6f350bab9e3bd04d7c4d1d
C338,2026-07-15 030357,1,629,947,no,no,0ce49656c816c87befc2787c7007c00845806241cc6f350bab9e3bd04d7c4d1d
C339,2026-07-15 030405,1,637,942,no,no,0ce49656c816c87befc2787c7007c00845806241cc6f350bab9e3bd04d7c4d1d
C340,2026-07-15 030622,1,683,937,no,no,0ce49656c816c87befc2787c7007c00845806241cc6f350bab9e3bd04d7c4d1d
C341,2026-07-15 030636,1,627,395,no,no,0ce49656c816c87befc2787c7007c00845806241cc6f350bab9e3bd04d7c4d1d
C342,2026-07-15 030643,1,689,930,no,no,0ce49656c816c87befc2787c7007c00845806241cc6f350bab9e3bd04d7c4d1d
C343,2026-07-15 030649,2,677,966,no,no,0ce49656c816c87befc2787c7007c00845806241cc6f350bab9e3bd04d7c4d1d
C344,2026-07-15 031221,4,703,969,no,no,0ce49656c816c87befc2787c7007c00845806241cc6f350bab9e3bd04d7c4d1d
C345,2026-07-15 031227,1,686,939,no,no,0ce49656c816c87befc2787c7007c00845806241cc6f350bab9e3bd04d7c4d1d
C346,2026-07-15 031245,1,602,379,no,no,0ce49656c816c87befc2787c7007c00845806241cc6f350bab9e3bd04d7c4d1d
C347,2026-07-15 031329,1,1517,640,no,no,0ce49656c816c87befc2787c7007c00845806241cc6f350bab9e3bd04d7c4d1d
C348,2026-07-15 031354,1,1451,719,no,no,0ce49656c816c87befc2787c7007c00845806241cc6f350bab9e3bd04d7c4d1d
C349,2026-07-15 031357,1,1556,823,no,no,0ce49656c816c87befc2787c7007c00845806241cc6f350bab9e3bd04d7c4d1d
C350,2026-07-15 031451,2,688,955,no,no,0ce49656c816c87befc2787c7007c00845806241cc6f350bab9e3bd04d7c4d1d
C351,2026-07-15 031503,1,830,970,no,no,0ce49656c816c87befc2787c7007c00845806241cc6f350bab9e3bd04d7c4d1d
C352,2026-07-15 031511,1,807,944,no,no,0ce49656c816c87befc2787c7007c00845806241cc6f350bab9e3bd04d7c4d1d
C353,2026-07-15 031615,1,626,614,no,no,0ce49656c816c87befc2787c7007c00845806241cc6f350bab9e3bd04d7c4d1d
C354,2026-07-15 031804,2,810,975,no,no,0ce49656c816c87befc2787c7007c00845806241cc6f350bab9e3bd04d7c4d1d
C355,2026-07-15 031816,1,809,964,no,no,0ce49656c816c87befc2787c7007c00845806241cc6f350bab9e3bd04d7c4d1d
C356,2026-07-15 031822,1,816,949,no,no,0ce49656c816c87befc2787c7007c00845806241cc6f350bab9e3bd04d7c4d1d
C357,2026-07-15 031828,3,819,962,no,no,0ce49656c816c87befc2787c7007c00845806241cc6f350bab9e3bd04d7c4d1d
C358,2026-07-15 031953,1,824,960,no,no,0ce49656c816c87befc2787c7007c00845806241cc6f350bab9e3bd04d7c4d1d
C359,2026-07-15 032047,1,623,986,no,no,0ce49656c816c87befc2787c7007c00845806241cc6f350bab9e3bd04d7c4d1d
C360,2026-07-15 032144,1,1528,654,no,no,0ce49656c816c87befc2787c7007c00845806241cc6f350bab9e3bd04d7c4d1d
C361,2026-07-15 032215,1,821,947,no,no,0ce49656c816c87befc2787c7007c00845806241cc6f350bab9e3bd04d7c4d1d
C362,2026-07-15 032224,1,811,954,no,no,0ce49656c816c87befc2787c7007c00845806241cc6f350bab9e3bd04d7c4d1d
C363,2026-07-15 032234,1,588,514,no,no,0ce49656c816c87befc2787c7007c00845806241cc6f350bab9e3bd04d7c4d1d
C364,2026-07-15 032243,1,635,565,no,no,0ce49656c816c87befc2787c7007c00845806241cc6f350bab9e3bd04d7c4d1d
C365,2026-07-15 032249,1,588,539,no,no,0ce49656c816c87befc2787c7007c00845806241cc6f350bab9e3bd04d7c4d1d
C366,2026-07-15 032347,1,613,457,no,no,0ce49656c816c87befc2787c7007c00845806241cc6f350bab9e3bd04d7c4d1d
C367,2026-07-15 032427,1,629,614,no,no,0ce49656c816c87befc2787c7007c00845806241cc6f350bab9e3bd04d7c4d1d
C368,2026-07-15 032700,2,648,502,no,no,0ce49656c816c87befc2787c7007c00845806241cc6f350bab9e3bd04d7c4d1d
C369,2026-07-15 032710,1,661,962,no,no,0ce49656c816c87befc2787c7007c00845806241cc6f350bab9e3bd04d7c4d1d
C370,2026-07-15 032841,1,629,470,no,no,0ce49656c816c87befc2787c7007c00845806241cc6f350bab9e3bd04d7c4d1d
C371,2026-07-15 032857,1,641,621,no,no,0ce49656c816c87befc2787c7007c00845806241cc6f350bab9e3bd04d7c4d1d
C372,2026-07-15 032904,1,652,596,no,no,0ce49656c816c87befc2787c7007c00845806241cc6f350bab9e3bd04d7c4d1d
C373,2026-07-15 033142,1,703,945,no,no,0ce49656c816c87befc2787c7007c00845806241cc6f350bab9e3bd04d7c4d1d
C374,2026-07-15 033148,1,694,957,no,no,0ce49656c816c87befc2787c7007c00845806241cc6f350bab9e3bd04d7c4d1d
C375,2026-07-15 033304,1,1514,639,no,no,0ce49656c816c87befc2787c7007c00845806241cc6f350bab9e3bd04d7c4d1d
C376,2026-07-15 033326,1,709,964,no,no,0ce49656c816c87befc2787c7007c00845806241cc6f350bab9e3bd04d7c4d1d
C377,2026-07-15 033334,1,719,928,no,no,0ce49656c816c87befc2787c7007c00845806241cc6f350bab9e3bd04d7c4d1d
C378,2026-07-15 033339,1,697,951,no,no,0ce49656c816c87befc2787c7007c00845806241cc6f350bab9e3bd04d7c4d1d
C379,2026-07-15 033345,2,685,964,no,no,0ce49656c816c87befc2787c7007c00845806241cc6f350bab9e3bd04d7c4d1d
C380,2026-07-15 033416,1,595,470,no,no,0ce49656c816c87befc2787c7007c00845806241cc6f350bab9e3bd04d7c4d1d
C381,2026-07-15 033422,1,604,468,no,no,0ce49656c816c87befc2787c7007c00845806241cc6f350bab9e3bd04d7c4d1d
C382,2026-07-15 033430,1,625,534,no,no,0ce49656c816c87befc2787c7007c00845806241cc6f350bab9e3bd04d7c4d1d
C383,2026-07-15 033811,1,812,939,no,no,0ce49656c816c87befc2787c7007c00845806241cc6f350bab9e3bd04d7c4d1d
C384,2026-07-15 033826,1,634,973,no,no,0ce49656c816c87befc2787c7007c00845806241cc6f350bab9e3bd04d7c4d1d
C385,2026-07-15 033854,1,1531,774,no,no,0ce49656c816c87befc2787c7007c00845806241cc6f350bab9e3bd04d7c4d1d
C386,2026-07-15 033900,1,588,383,no,no,0ce49656c816c87befc2787c7007c00845806241cc6f350bab9e3bd04d7c4d1d
C387,2026-07-15 033935,1,626,617,no,no,0ce49656c816c87befc2787c7007c00845806241cc6f350bab9e3bd04d7c4d1d
C388,2026-07-15 034814,1,809,1079,no,no,0ce49656c816c87befc2787c7007c00845806241cc6f350bab9e3bd04d7c4d1d
C389,2026-07-15 034826,1,619,485,no,no,0ce49656c816c87befc2787c7007c00845806241cc6f350bab9e3bd04d7c4d1d
C390,2026-07-15 034835,1,739,983,no,no,0ce49656c816c87befc2787c7007c00845806241cc6f350bab9e3bd04d7c4d1d
C391,2026-07-15 034915,1,586,502,no,no,0ce49656c816c87befc2787c7007c00845806241cc6f350bab9e3bd04d7c4d1d
C392,2026-07-15 034942,1,593,750,no,no,0ce49656c816c87befc2787c7007c00845806241cc6f350bab9e3bd04d7c4d1d
C393,2026-07-15 035036,2,606,481,no,no,0ce49656c816c87befc2787c7007c00845806241cc6f350bab9e3bd04d7c4d1d
C394,2026-07-15 035045,1,604,451,no,no,0ce49656c816c87befc2787c7007c00845806241cc6f350bab9e3bd04d7c4d1d
C395,2026-07-15 035052,1,601,467,no,no,0ce49656c816c87befc2787c7007c00845806241cc6f350bab9e3bd04d7c4d1d
C396,2026-07-15 035100,1,644,529,no,no,0ce49656c816c87befc2787c7007c00845806241cc6f350bab9e3bd04d7c4d1d
C397,2026-07-15 035249,1,625,466,no,no,0ce49656c816c87befc2787c7007c00845806241cc6f350bab9e3bd04d7c4d1d
C398,2026-07-15 035255,1,613,251,no,no,0ce49656c816c87befc2787c7007c00845806241cc6f350bab9e3bd04d7c4d1d
C399,2026-07-15 035527,1,813,956,no,no,0ce49656c816c87befc2787c7007c00845806241cc6f350bab9e3bd04d7c4d1d
C400,2026-07-15 035536,2,833,878,no,no,0ce49656c816c87befc2787c7007c00845806241cc6f350bab9e3bd04d7c4d1d
C401,2026-07-15 035542,1,805,948,no,no,0ce49656c816c87befc2787c7007c00845806241cc6f350bab9e3bd04d7c4d1d
C402,2026-07-15 035548,2,827,970,no,no,0ce49656c816c87befc2787c7007c00845806241cc6f350bab9e3bd04d7c4d1d
C403,2026-07-15 035630,1,1569,657,no,no,0ce49656c816c87befc2787c7007c00845806241cc6f350bab9e3bd04d7c4d1d
C404,2026-07-15 035652,1,811,936,no,no,0ce49656c816c87befc2787c7007c00845806241cc6f350bab9e3bd04d7c4d1d
C405,2026-07-15 035659,4,818,964,no,no,0ce49656c816c87befc2787c7007c00845806241cc6f350bab9e3bd04d7c4d1d
C406,2026-07-15 035709,2,823,965,no,no,0ce49656c816c87befc2787c7007c00845806241cc6f350bab9e3bd04d7c4d1d
C407,2026-07-15 035751,1,840,944,no,no,0ce49656c816c87befc2787c7007c00845806241cc6f350bab9e3bd04d7c4d1d
C408,2026-07-15 035758,2,827,955,no,no,0ce49656c816c87befc2787c7007c00845806241cc6f350bab9e3bd04d7c4d1d
C409,2026-07-15 035835,1,1521,817,no,no,0ce49656c816c87befc2787c7007c00845806241cc6f350bab9e3bd04d7c4d1d
C410,2026-07-15 035928,1,843,963,no,no,0ce49656c816c87befc2787c7007c00845806241cc6f350bab9e3bd04d7c4d1d
C411,2026-07-15 035934,1,835,980,no,no,0ce49656c816c87befc2787c7007c00845806241cc6f350bab9e3bd04d7c4d1d
C412,2026-07-15 035950,1,829,968,no,no,0ce49656c816c87befc2787c7007c00845806241cc6f350bab9e3bd04d7c4d1d
C413,2026-07-15 040101,1,590,901,no,no,0ce49656c816c87befc2787c7007c00845806241cc6f350bab9e3bd04d7c4d1d
C414,2026-07-15 040135,1,625,570,no,no,0ce49656c816c87befc2787c7007c00845806241cc6f350bab9e3bd04d7c4d1d
C415,2026-07-15 040142,1,610,560,no,no,0ce49656c816c87befc2787c7007c00845806241cc6f350bab9e3bd04d7c4d1d
C416,2026-07-15 040149,1,613,620,no,no,0ce49656c816c87befc2787c7007c00845806241cc6f350bab9e3bd04d7c4d1d
C417,2026-07-15 040155,1,617,427,no,no,0ce49656c816c87befc2787c7007c00845806241cc6f350bab9e3bd04d7c4d1d
C418,2026-07-15 040201,2,659,571,no,no,0ce49656c816c87befc2787c7007c00845806241cc6f350bab9e3bd04d7c4d1d
C419,2026-07-15 040318,1,626,469,no,no,0ce49656c816c87befc2787c7007c00845806241cc6f350bab9e3bd04d7c4d1d
C420,2026-07-15 040327,1,607,522,no,no,0ce49656c816c87befc2787c7007c00845806241cc6f350bab9e3bd04d7c4d1d
C421,2026-07-15 040332,1,613,533,no,no,0ce49656c816c87befc2787c7007c00845806241cc6f350bab9e3bd04d7c4d1d
C422,2026-07-15 040421,2,623,629,no,no,0ce49656c816c87befc2787c7007c00845806241cc6f350bab9e3bd04d7c4d1d
C423,2026-07-15 040603,1,1219,691,no,no,0ce49656c816c87befc2787c7007c00845806241cc6f350bab9e3bd04d7c4d1d
C424,2026-07-15 040739,1,819,1079,no,no,0ce49656c816c87befc2787c7007c00845806241cc6f350bab9e3bd04d7c4d1d
C425,2026-07-15 040750,1,613,975,no,no,0ce49656c816c87befc2787c7007c00845806241cc6f350bab9e3bd04d7c4d1d
C426,2026-07-15 040843,1,610,447,no,no,0ce49656c816c87befc2787c7007c00845806241cc6f350bab9e3bd04d7c4d1d
C427,2026-07-15 040851,1,562,514,no,no,0ce49656c816c87befc2787c7007c00845806241cc6f350bab9e3bd04d7c4d1d
C428,2026-07-15 040858,1,641,409,no,no,0ce49656c816c87befc2787c7007c00845806241cc6f350bab9e3bd04d7c4d1d
C429,2026-07-15 041047,1,820,941,no,no,0ce49656c816c87befc2787c7007c00845806241cc6f350bab9e3bd04d7c4d1d
C430,2026-07-15 041054,1,797,773,no,no,0ce49656c816c87befc2787c7007c00845806241cc6f350bab9e3bd04d7c4d1d
C431,2026-07-15 041059,1,788,793,no,no,0ce49656c816c87befc2787c7007c00845806241cc6f350bab9e3bd04d7c4d1d
C432,2026-07-15 041105,1,847,859,no,no,0ce49656c816c87befc2787c7007c00845806241cc6f350bab9e3bd04d7c4d1d
C433,2026-07-15 041111,1,838,883,no,no,0ce49656c816c87befc2787c7007c00845806241cc6f350bab9e3bd04d7c4d1d
C434,2026-07-15 041153,1,603,557,no,no,0ce49656c816c87befc2787c7007c00845806241cc6f350bab9e3bd04d7c4d1d
C435,2026-07-15 041201,1,601,552,no,no,0ce49656c816c87befc2787c7007c00845806241cc6f350bab9e3bd04d7c4d1d
C436,2026-07-15 041207,1,635,561,no,no,0ce49656c816c87befc2787c7007c00845806241cc6f350bab9e3bd04d7c4d1d
C437,2026-07-15 041213,1,650,580,no,no,0ce49656c816c87befc2787c7007c00845806241cc6f350bab9e3bd04d7c4d1d
C438,2026-07-15 041229,2,632,550,no,no,0ce49656c816c87befc2787c7007c00845806241cc6f350bab9e3bd04d7c4d1d
C439,2026-07-15 041234,2,618,500,no,no,0ce49656c816c87befc2787c7007c00845806241cc6f350bab9e3bd04d7c4d1d
C440,2026-07-15 041459,1,591,562,no,no,0ce49656c816c87befc2787c7007c00845806241cc6f350bab9e3bd04d7c4d1d
C441,2026-07-15 041506,1,605,566,no,no,0ce49656c816c87befc2787c7007c00845806241cc6f350bab9e3bd04d7c4d1d
C442,2026-07-15 041514,1,596,280,no,no,0ce49656c816c87befc2787c7007c00845806241cc6f350bab9e3bd04d7c4d1d
C443,2026-07-15 041523,1,626,573,no,no,0ce49656c816c87befc2787c7007c00845806241cc6f350bab9e3bd04d7c4d1d
C444,2026-07-15 041614,1,641,630,no,no,0ce49656c816c87befc2787c7007c00845806241cc6f350bab9e3bd04d7c4d1d
C445,2026-07-15 041659,1,301,150,no,no,0ce49656c816c87befc2787c7007c00845806241cc6f350bab9e3bd04d7c4d1d
C446,2026-07-15 041727,1,606,613,no,no,0ce49656c816c87befc2787c7007c00845806241cc6f350bab9e3bd04d7c4d1d
C447,2026-07-15 042122,2,813,1079,no,no,0ce49656c816c87befc2787c7007c00845806241cc6f350bab9e3bd04d7c4d1d
C448,2026-07-15 042205,1,627,1052,no,no,0ce49656c816c87befc2787c7007c00845806241cc6f350bab9e3bd04d7c4d1d
C449,2026-07-15 042511,1,810,1067,no,no,0ce49656c816c87befc2787c7007c00845806241cc6f350bab9e3bd04d7c4d1d
C450,2026-07-15 042704,1,808,1079,no,no,0ce49656c816c87befc2787c7007c00845806241cc6f350bab9e3bd04d7c4d1d
C451,2026-07-15 042755,1,813,1079,no,no,0ce49656c816c87befc2787c7007c00845806241cc6f350bab9e3bd04d7c4d1d
C452,2026-07-15 042804,1,811,1079,no,no,0ce49656c816c87befc2787c7007c00845806241cc6f350bab9e3bd04d7c4d1d
C453,2026-07-15 043031,1,611,477,no,no,0ce49656c816c87befc2787c7007c00845806241cc6f350bab9e3bd04d7c4d1d
C454,2026-07-15 043039,1,593,449,no,no,0ce49656c816c87befc2787c7007c00845806241cc6f350bab9e3bd04d7c4d1d
C455,2026-07-15 043257,1,704,990,no,no,0ce49656c816c87befc2787c7007c00845806241cc6f350bab9e3bd04d7c4d1d
C456,2026-07-15 043305,1,816,959,no,no,0ce49656c816c87befc2787c7007c00845806241cc6f350bab9e3bd04d7c4d1d
C457,2026-07-15 043310,1,822,957,no,no,0ce49656c816c87befc2787c7007c00845806241cc6f350bab9e3bd04d7c4d1d
C458,2026-07-15 043317,1,816,956,no,no,0ce49656c816c87befc2787c7007c00845806241cc6f350bab9e3bd04d7c4d1d
C459,2026-07-15 043324,1,824,881,no,no,0ce49656c816c87befc2787c7007c00845806241cc6f350bab9e3bd04d7c4d1d
C460,2026-07-15 043425,1,827,878,no,no,0ce49656c816c87befc2787c7007c00845806241cc6f350bab9e3bd04d7c4d1d
C461,2026-07-15 043525,1,811,875,no,no,0ce49656c816c87befc2787c7007c00845806241cc6f350bab9e3bd04d7c4d1d
C462,2026-07-15 043627,1,826,905,no,no,0ce49656c816c87befc2787c7007c00845806241cc6f350bab9e3bd04d7c4d1d
C463,2026-07-15 043720,1,605,351,no,no,0ce49656c816c87befc2787c7007c00845806241cc6f350bab9e3bd04d7c4d1d
C464,2026-07-15 043726,1,815,894,no,no,0ce49656c816c87befc2787c7007c00845806241cc6f350bab9e3bd04d7c4d1d
C465,2026-07-15 043732,1,802,879,no,no,0ce49656c816c87befc2787c7007c00845806241cc6f350bab9e3bd04d7c4d1d
C466,2026-07-15 043737,1,841,876,no,no,0ce49656c816c87befc2787c7007c00845806241cc6f350bab9e3bd04d7c4d1d
C467,2026-07-15 043743,1,826,899,no,no,0ce49656c816c87befc2787c7007c00845806241cc6f350bab9e3bd04d7c4d1d
C468,2026-07-15 043833,1,823,891,no,no,0ce49656c816c87befc2787c7007c00845806241cc6f350bab9e3bd04d7c4d1d
C469,2026-07-15 043925,1,823,905,no,no,0ce49656c816c87befc2787c7007c00845806241cc6f350bab9e3bd04d7c4d1d
C470,2026-07-15 043948,1,824,894,no,no,0ce49656c816c87befc2787c7007c00845806241cc6f350bab9e3bd04d7c4d1d
C471,2026-07-15 043954,1,840,876,no,no,0ce49656c816c87befc2787c7007c00845806241cc6f350bab9e3bd04d7c4d1d
C472,2026-07-15 044004,1,842,922,no,no,0ce49656c816c87befc2787c7007c00845806241cc6f350bab9e3bd04d7c4d1d
C473,2026-07-15 044011,1,864,872,no,no,0ce49656c816c87befc2787c7007c00845806241cc6f350bab9e3bd04d7c4d1d
C474,2026-07-15 044151,1,1503,668,no,no,0ce49656c816c87befc2787c7007c00845806241cc6f350bab9e3bd04d7c4d1d
C475,2026-07-15 044253,1,601,478,no,no,0ce49656c816c87befc2787c7007c00845806241cc6f350bab9e3bd04d7c4d1d
C476,2026-07-15 044428,1,816,907,no,no,0ce49656c816c87befc2787c7007c00845806241cc6f350bab9e3bd04d7c4d1d
C477,2026-07-15 044435,1,870,897,no,no,0ce49656c816c87befc2787c7007c00845806241cc6f350bab9e3bd04d7c4d1d
C478,2026-07-15 044536,1,716,951,no,no,0ce49656c816c87befc2787c7007c00845806241cc6f350bab9e3bd04d7c4d1d
C479,2026-07-15 044542,1,878,851,no,no,0ce49656c816c87befc2787c7007c00845806241cc6f350bab9e3bd04d7c4d1d
C480,2026-07-15 044555,2,861,920,no,no,0ce49656c816c87befc2787c7007c00845806241cc6f350bab9e3bd04d7c4d1d
C481,2026-07-15 044644,1,616,618,no,no,0ce49656c816c87befc2787c7007c00845806241cc6f350bab9e3bd04d7c4d1d
C482,2026-07-15 044718,1,629,753,no,no,0ce49656c816c87befc2787c7007c00845806241cc6f350bab9e3bd04d7c4d1d
C483,2026-07-15 045031,1,816,1079,no,no,0ce49656c816c87befc2787c7007c00845806241cc6f350bab9e3bd04d7c4d1d
C484,2026-07-15 045228,1,812,1079,no,no,0ce49656c816c87befc2787c7007c00845806241cc6f350bab9e3bd04d7c4d1d
C485,2026-07-15 045246,1,734,1018,no,no,0ce49656c816c87befc2787c7007c00845806241cc6f350bab9e3bd04d7c4d1d
C486,2026-07-15 045346,1,595,554,no,no,0ce49656c816c87befc2787c7007c00845806241cc6f350bab9e3bd04d7c4d1d
C487,2026-07-15 045356,1,624,264,no,no,0ce49656c816c87befc2787c7007c00845806241cc6f350bab9e3bd04d7c4d1d
C488,2026-07-15 045613,1,607,612,no,no,0ce49656c816c87befc2787c7007c00845806241cc6f350bab9e3bd04d7c4d1d
C489,2026-07-15 045721,1,677,656,no,no,0ce49656c816c87befc2787c7007c00845806241cc6f350bab9e3bd04d7c4d1d
C490,2026-07-15 050016,1,810,1079,no,no,0ce49656c816c87befc2787c7007c00845806241cc6f350bab9e3bd04d7c4d1d
C491,2026-07-15 050040,10,625,481,no,no,0ce49656c816c87befc2787c7007c00845806241cc6f350bab9e3bd04d7c4d1d
C492,2026-07-15 050112,1,1508,700,no,no,0ce49656c816c87befc2787c7007c00845806241cc6f350bab9e3bd04d7c4d1d
C493,2026-07-15 050119,1,608,633,no,no,0ce49656c816c87befc2787c7007c00845806241cc6f350bab9e3bd04d7c4d1d
C494,2026-07-15 050153,1,632,619,no,no,0ce49656c816c87befc2787c7007c00845806241cc6f350bab9e3bd04d7c4d1d
C495,2026-07-15 050426,1,815,1073,no,no,0ce49656c816c87befc2787c7007c00845806241cc6f350bab9e3bd04d7c4d1d
C496,2026-07-15 050442,1,723,967,no,no,0ce49656c816c87befc2787c7007c00845806241cc6f350bab9e3bd04d7c4d1d
C497,2026-07-15 050546,1,604,472,no,no,0ce49656c816c87befc2787c7007c00845806241cc6f350bab9e3bd04d7c4d1d
C498,2026-07-15 050554,1,598,485,no,no,0ce49656c816c87befc2787c7007c00845806241cc6f350bab9e3bd04d7c4d1d
C499,2026-07-15 050724,1,840,954,no,no,0ce49656c816c87befc2787c7007c00845806241cc6f350bab9e3bd04d7c4d1d
C500,2026-07-15 050758,1,615,581,no,no,0ce49656c816c87befc2787c7007c00845806241cc6f350bab9e3bd04d7c4d1d
C501,2026-07-15 050807,1,611,308,no,no,0ce49656c816c87befc2787c7007c00845806241cc6f350bab9e3bd04d7c4d1d
C502,2026-07-15 050834,1,629,602,no,no,0ce49656c816c87befc2787c7007c00845806241cc6f350bab9e3bd04d7c4d1d
C503,2026-07-15 051044,1,824,1079,no,no,0ce49656c816c87befc2787c7007c00845806241cc6f350bab9e3bd04d7c4d1d
C504,2026-07-15 051106,1,721,963,no,no,0ce49656c816c87befc2787c7007c00845806241cc6f350bab9e3bd04d7c4d1d
C505,2026-07-15 051159,1,611,529,no,no,0ce49656c816c87befc2787c7007c00845806241cc6f350bab9e3bd04d7c4d1d
C506,2026-07-15 051231,1,599,470,no,no,0ce49656c816c87befc2787c7007c00845806241cc6f350bab9e3bd04d7c4d1d
C507,2026-07-15 051247,1,613,466,no,no,0ce49656c816c87befc2787c7007c00845806241cc6f350bab9e3bd04d7c4d1d
C508,2026-07-15 051255,3,622,492,no,no,0ce49656c816c87befc2787c7007c00845806241cc6f350bab9e3bd04d7c4d1d
C509,2026-07-15 051309,1,601,482,no,no,0ce49656c816c87befc2787c7007c00845806241cc6f350bab9e3bd04d7c4d1d
C510,2026-07-15 051318,1,603,408,no,no,0ce49656c816c87befc2787c7007c00845806241cc6f350bab9e3bd04d7c4d1d
C511,2026-07-15 051528,1,635,944,no,no,0ce49656c816c87befc2787c7007c00845806241cc6f350bab9e3bd04d7c4d1d
C512,2026-07-15 051613,1,818,847,no,no,0ce49656c816c87befc2787c7007c00845806241cc6f350bab9e3bd04d7c4d1d
C513,2026-07-15 051619,1,762,755,no,no,0ce49656c816c87befc2787c7007c00845806241cc6f350bab9e3bd04d7c4d1d
C514,2026-07-15 051631,1,865,873,no,no,0ce49656c816c87befc2787c7007c00845806241cc6f350bab9e3bd04d7c4d1d
C515,2026-07-15 051638,1,809,854,no,no,0ce49656c816c87befc2787c7007c00845806241cc6f350bab9e3bd04d7c4d1d
C516,2026-07-15 051823,1,1518,673,no,no,0ce49656c816c87befc2787c7007c00845806241cc6f350bab9e3bd04d7c4d1d
C517,2026-07-15 051901,1,820,882,no,no,0ce49656c816c87befc2787c7007c00845806241cc6f350bab9e3bd04d7c4d1d
C518,2026-07-15 051915,5,854,885,no,no,0ce49656c816c87befc2787c7007c00845806241cc6f350bab9e3bd04d7c4d1d
C519,2026-07-15 051928,1,713,731,no,no,0ce49656c816c87befc2787c7007c00845806241cc6f350bab9e3bd04d7c4d1d
C520,2026-07-15 052041,1,1535,769,no,no,0ce49656c816c87befc2787c7007c00845806241cc6f350bab9e3bd04d7c4d1d
C521,2026-07-15 052137,1,823,830,no,no,0ce49656c816c87befc2787c7007c00845806241cc6f350bab9e3bd04d7c4d1d
C522,2026-07-15 052143,5,817,891,no,no,0ce49656c816c87befc2787c7007c00845806241cc6f350bab9e3bd04d7c4d1d
C523,2026-07-15 052219,1,819,880,no,no,0ce49656c816c87befc2787c7007c00845806241cc6f350bab9e3bd04d7c4d1d
C524,2026-07-15 052239,2,837,914,no,no,0ce49656c816c87befc2787c7007c00845806241cc6f350bab9e3bd04d7c4d1d
C525,2026-07-15 052337,1,581,725,no,no,0ce49656c816c87befc2787c7007c00845806241cc6f350bab9e3bd04d7c4d1d
C526,2026-07-15 052445,1,824,870,no,no,0ce49656c816c87befc2787c7007c00845806241cc6f350bab9e3bd04d7c4d1d
C527,2026-07-15 052459,1,593,318,no,no,0ce49656c816c87befc2787c7007c00845806241cc6f350bab9e3bd04d7c4d1d
C528,2026-07-15 052536,1,834,855,no,no,0ce49656c816c87befc2787c7007c00845806241cc6f350bab9e3bd04d7c4d1d
C529,2026-07-15 052542,1,640,408,no,no,0ce49656c816c87befc2787c7007c00845806241cc6f350bab9e3bd04d7c4d1d
C530,2026-07-15 052549,1,855,931,no,no,0ce49656c816c87befc2787c7007c00845806241cc6f350bab9e3bd04d7c4d1d
C531,2026-07-15 052602,1,602,328,no,no,0ce49656c816c87befc2787c7007c00845806241cc6f350bab9e3bd04d7c4d1d
C532,2026-07-15 052700,1,1535,648,no,no,0ce49656c816c87befc2787c7007c00845806241cc6f350bab9e3bd04d7c4d1d
C533,2026-07-15 052723,1,615,588,no,no,0ce49656c816c87befc2787c7007c00845806241cc6f350bab9e3bd04d7c4d1d
C534,2026-07-15 052731,1,637,554,no,no,0ce49656c816c87befc2787c7007c00845806241cc6f350bab9e3bd04d7c4d1d
C535,2026-07-15 052738,1,621,593,no,no,0ce49656c816c87befc2787c7007c00845806241cc6f350bab9e3bd04d7c4d1d
C536,2026-07-15 052744,1,636,567,no,no,0ce49656c816c87befc2787c7007c00845806241cc6f350bab9e3bd04d7c4d1d
C537,2026-07-15 052750,1,606,564,no,no,0ce49656c816c87befc2787c7007c00845806241cc6f350bab9e3bd04d7c4d1d
C538,2026-07-15 052758,1,626,574,no,no,0ce49656c816c87befc2787c7007c00845806241cc6f350bab9e3bd04d7c4d1d
C539,2026-07-15 052805,1,613,563,no,no,0ce49656c816c87befc2787c7007c00845806241cc6f350bab9e3bd04d7c4d1d
C540,2026-07-15 052813,1,656,568,no,no,0ce49656c816c87befc2787c7007c00845806241cc6f350bab9e3bd04d7c4d1d
C541,2026-07-15 052820,1,618,532,no,no,0ce49656c816c87befc2787c7007c00845806241cc6f350bab9e3bd04d7c4d1d
C542,2026-07-15 052829,1,615,530,no,no,0ce49656c816c87befc2787c7007c00845806241cc6f350bab9e3bd04d7c4d1d
C543,2026-07-15 052836,1,628,540,no,no,0ce49656c816c87befc2787c7007c00845806241cc6f350bab9e3bd04d7c4d1d
C544,2026-07-15 053139,1,625,788,no,no,0ce49656c816c87befc2787c7007c00845806241cc6f350bab9e3bd04d7c4d1d
C545,2026-07-15 053516,1,606,825,no,no,0ce49656c816c87befc2787c7007c00845806241cc6f350bab9e3bd04d7c4d1d
C546,2026-07-15 053546,1,626,613,no,no,0ce49656c816c87befc2787c7007c00845806241cc6f350bab9e3bd04d7c4d1d
C547,2026-07-15 053714,1,815,1079,no,no,0ce49656c816c87befc2787c7007c00845806241cc6f350bab9e3bd04d7c4d1d
C548,2026-07-15 053727,2,662,1052,no,no,0ce49656c816c87befc2787c7007c00845806241cc6f350bab9e3bd04d7c4d1d
C549,2026-07-15 053808,1,1544,655,no,no,0ce49656c816c87befc2787c7007c00845806241cc6f350bab9e3bd04d7c4d1d
C550,2026-07-15 053840,1,1531,743,no,no,0ce49656c816c87befc2787c7007c00845806241cc6f350bab9e3bd04d7c4d1d
C551,2026-07-15 053910,1,652,462,no,no,0ce49656c816c87befc2787c7007c00845806241cc6f350bab9e3bd04d7c4d1d
C552,2026-07-15 053918,1,629,535,no,no,0ce49656c816c87befc2787c7007c00845806241cc6f350bab9e3bd04d7c4d1d
C553,2026-07-15 053924,1,619,614,no,no,0ce49656c816c87befc2787c7007c00845806241cc6f350bab9e3bd04d7c4d1d
C554,2026-07-15 053928,1,632,562,no,no,0ce49656c816c87befc2787c7007c00845806241cc6f350bab9e3bd04d7c4d1d
C555,2026-07-15 053934,1,628,540,no,no,0ce49656c816c87befc2787c7007c00845806241cc6f350bab9e3bd04d7c4d1d
C556,2026-07-15 054035,1,748,724,no,no,0ce49656c816c87befc2787c7007c00845806241cc6f350bab9e3bd04d7c4d1d
C557,2026-07-15 054049,3,821,863,no,no,0ce49656c816c87befc2787c7007c00845806241cc6f350bab9e3bd04d7c4d1d
C558,2026-07-15 054055,2,798,868,no,no,0ce49656c816c87befc2787c7007c00845806241cc6f350bab9e3bd04d7c4d1d
C559,2026-07-15 054101,2,837,873,no,no,0ce49656c816c87befc2787c7007c00845806241cc6f350bab9e3bd04d7c4d1d
C560,2026-07-15 054241,1,626,617,no,no,0ce49656c816c87befc2787c7007c00845806241cc6f350bab9e3bd04d7c4d1d
C561,2026-07-15 054716,1,821,1079,no,no,0ce49656c816c87befc2787c7007c00845806241cc6f350bab9e3bd04d7c4d1d
C562,2026-07-15 054858,1,612,510,no,no,0ce49656c816c87befc2787c7007c00845806241cc6f350bab9e3bd04d7c4d1d
C563,2026-07-15 054905,1,614,528,no,no,0ce49656c816c87befc2787c7007c00845806241cc6f350bab9e3bd04d7c4d1d
C564,2026-07-15 054913,1,612,531,no,no,0ce49656c816c87befc2787c7007c00845806241cc6f350bab9e3bd04d7c4d1d
C565,2026-07-15 054921,1,619,570,no,no,0ce49656c816c87befc2787c7007c00845806241cc6f350bab9e3bd04d7c4d1d
C566,2026-07-15 055018,1,819,833,no,no,0ce49656c816c87befc2787c7007c00845806241cc6f350bab9e3bd04d7c4d1d
C567,2026-07-15 055025,2,843,898,no,no,0ce49656c816c87befc2787c7007c00845806241cc6f350bab9e3bd04d7c4d1d
C568,2026-07-15 055030,1,821,887,no,no,0ce49656c816c87befc2787c7007c00845806241cc6f350bab9e3bd04d7c4d1d
C569,2026-07-15 055043,1,787,736,no,no,0ce49656c816c87befc2787c7007c00845806241cc6f350bab9e3bd04d7c4d1d
C570,2026-07-15 055111,1,834,860,no,no,0ce49656c816c87befc2787c7007c00845806241cc6f350bab9e3bd04d7c4d1d
C571,2026-07-15 055117,1,789,736,no,no,0ce49656c816c87befc2787c7007c00845806241cc6f350bab9e3bd04d7c4d1d
C572,2026-07-15 055123,3,863,858,no,no,0ce49656c816c87befc2787c7007c00845806241cc6f350bab9e3bd04d7c4d1d
C573,2026-07-15 055129,1,710,730,no,no,0ce49656c816c87befc2787c7007c00845806241cc6f350bab9e3bd04d7c4d1d
C574,2026-07-15 055208,1,815,846,no,no,0ce49656c816c87befc2787c7007c00845806241cc6f350bab9e3bd04d7c4d1d
C575,2026-07-15 055213,1,829,869,no,no,0ce49656c816c87befc2787c7007c00845806241cc6f350bab9e3bd04d7c4d1d
C576,2026-07-15 055226,1,932,854,no,no,0ce49656c816c87befc2787c7007c00845806241cc6f350bab9e3bd04d7c4d1d
C577,2026-07-15 055253,1,845,840,no,no,0ce49656c816c87befc2787c7007c00845806241cc6f350bab9e3bd04d7c4d1d
C578,2026-07-15 055300,1,912,870,no,no,0ce49656c816c87befc2787c7007c00845806241cc6f350bab9e3bd04d7c4d1d
C579,2026-07-15 055308,1,647,374,no,no,0ce49656c816c87befc2787c7007c00845806241cc6f350bab9e3bd04d7c4d1d
C580,2026-07-15 055318,1,829,867,no,no,0ce49656c816c87befc2787c7007c00845806241cc6f350bab9e3bd04d7c4d1d
C581,2026-07-15 055326,1,833,852,no,no,0ce49656c816c87befc2787c7007c00845806241cc6f350bab9e3bd04d7c4d1d
C582,2026-07-15 055414,1,1527,671,no,no,0ce49656c816c87befc2787c7007c00845806241cc6f350bab9e3bd04d7c4d1d
C583,2026-07-15 055440,1,614,288,no,no,0ce49656c816c87befc2787c7007c00845806241cc6f350bab9e3bd04d7c4d1d
C584,2026-07-15 055603,1,621,687,no,no,0ce49656c816c87befc2787c7007c00845806241cc6f350bab9e3bd04d7c4d1d
C585,2026-07-15 055610,1,628,882,no,no,0ce49656c816c87befc2787c7007c00845806241cc6f350bab9e3bd04d7c4d1d
C586,2026-07-15 055758,1,829,1079,no,no,0ce49656c816c87befc2787c7007c00845806241cc6f350bab9e3bd04d7c4d1d
C587,2026-07-15 055814,1,824,1073,no,no,0ce49656c816c87befc2787c7007c00845806241cc6f350bab9e3bd04d7c4d1d
C588,2026-07-15 055937,1,1534,772,no,no,0ce49656c816c87befc2787c7007c00845806241cc6f350bab9e3bd04d7c4d1d
C589,2026-07-15 060017,2,637,620,no,no,0ce49656c816c87befc2787c7007c00845806241cc6f350bab9e3bd04d7c4d1d
C590,2026-07-15 060949,1,846,1079,no,no,0ce49656c816c87befc2787c7007c00845806241cc6f350bab9e3bd04d7c4d1d
C591,2026-07-15 061006,1,838,1079,no,no,0ce49656c816c87befc2787c7007c00845806241cc6f350bab9e3bd04d7c4d1d
C592,2026-07-15 061252,1,608,569,no,no,0ce49656c816c87befc2787c7007c00845806241cc6f350bab9e3bd04d7c4d1d
C593,2026-07-15 061300,1,600,549,no,no,0ce49656c816c87befc2787c7007c00845806241cc6f350bab9e3bd04d7c4d1d
C594,2026-07-15 061308,1,611,548,no,no,0ce49656c816c87befc2787c7007c00845806241cc6f350bab9e3bd04d7c4d1d
C595,2026-07-15 061314,1,632,566,no,no,0ce49656c816c87befc2787c7007c00845806241cc6f350bab9e3bd04d7c4d1d
C596,2026-07-15 061320,1,604,564,no,no,0ce49656c816c87befc2787c7007c00845806241cc6f350bab9e3bd04d7c4d1d
C597,2026-07-15 061329,1,580,568,no,no,0ce49656c816c87befc2787c7007c00845806241cc6f350bab9e3bd04d7c4d1d
C598,2026-07-15 061341,1,602,553,no,no,0ce49656c816c87befc2787c7007c00845806241cc6f350bab9e3bd04d7c4d1d
C599,2026-07-15 061346,1,625,575,no,no,0ce49656c816c87befc2787c7007c00845806241cc6f350bab9e3bd04d7c4d1d
C600,2026-07-15 061356,1,599,559,no,no,0ce49656c816c87befc2787c7007c00845806241cc6f350bab9e3bd04d7c4d1d
C601,2026-07-15 061404,1,621,854,no,no,0ce49656c816c87befc2787c7007c00845806241cc6f350bab9e3bd04d7c4d1d
C602,2026-07-15 061556,1,656,653,no,no,0ce49656c816c87befc2787c7007c00845806241cc6f350bab9e3bd04d7c4d1d
C603,2026-07-15 062147,1,614,630,no,no,0ce49656c816c87befc2787c7007c00845806241cc6f350bab9e3bd04d7c4d1d
C604,2026-07-15 062153,1,834,1079,no,no,0ce49656c816c87befc2787c7007c00845806241cc6f350bab9e3bd04d7c4d1d
C605,2026-07-15 062204,1,822,972,no,no,0ce49656c816c87befc2787c7007c00845806241cc6f350bab9e3bd04d7c4d1d
C606,2026-07-15 062303,1,665,630,no,no,0ce49656c816c87befc2787c7007c00845806241cc6f350bab9e3bd04d7c4d1d
C607,2026-07-15 062310,1,779,709,no,no,0ce49656c816c87befc2787c7007c00845806241cc6f350bab9e3bd04d7c4d1d
C608,2026-07-15 062329,1,816,833,no,no,0ce49656c816c87befc2787c7007c00845806241cc6f350bab9e3bd04d7c4d1d
C609,2026-07-15 062511,1,613,820,no,no,0ce49656c816c87befc2787c7007c00845806241cc6f350bab9e3bd04d7c4d1d
C610,2026-07-15 062547,1,812,1079,no,no,0ce49656c816c87befc2787c7007c00845806241cc6f350bab9e3bd04d7c4d1d
C611,2026-07-15 153818,1,1394,1045,no,no,0ce49656c816c87befc2787c7007c00845806241cc6f350bab9e3bd04d7c4d1d
C612,2026-07-15 153830,1,1425,1041,no,no,0ce49656c816c87befc2787c7007c00845806241cc6f350bab9e3bd04d7c4d1d
C613,2026-07-15 153958,5,1408,1062,no,no,0ce49656c816c87befc2787c7007c00845806241cc6f350bab9e3bd04d7c4d1d
C614,2026-07-15 155016,1,576,646,no,no,0ce49656c816c87befc2787c7007c00845806241cc6f350bab9e3bd04d7c4d1d
C615,2026-07-15 155215,1,586,309,no,no,0ce49656c816c87befc2787c7007c00845806241cc6f350bab9e3bd04d7c4d1d
C616,2026-07-15 155222,1,608,377,no,no,0ce49656c816c87befc2787c7007c00845806241cc6f350bab9e3bd04d7c4d1d
C617,2026-07-15 155239,1,619,358,no,no,0ce49656c816c87befc2787c7007c00845806241cc6f350bab9e3bd04d7c4d1d
C618,2026-07-15 155311,1,597,320,no,no,0ce49656c816c87befc2787c7007c00845806241cc6f350bab9e3bd04d7c4d1d
C619,2026-07-15 155324,1,610,301,no,no,0ce49656c816c87befc2787c7007c00845806241cc6f350bab9e3bd04d7c4d1d
C620,2026-07-15 155337,1,616,313,no,no,0ce49656c816c87befc2787c7007c00845806241cc6f350bab9e3bd04d7c4d1d
C621,2026-07-15 155918,1,696,966,no,no,0ce49656c816c87befc2787c7007c00845806241cc6f350bab9e3bd04d7c4d1d
C622,2026-07-15 155928,1,609,941,no,no,0ce49656c816c87befc2787c7007c00845806241cc6f350bab9e3bd04d7c4d1d
C623,2026-07-15 155934,1,682,945,no,no,0ce49656c816c87befc2787c7007c00845806241cc6f350bab9e3bd04d7c4d1d
C624,2026-07-15 155940,1,594,375,no,no,0ce49656c816c87befc2787c7007c00845806241cc6f350bab9e3bd04d7c4d1d
C625,2026-07-15 160217,1,692,928,no,no,0ce49656c816c87befc2787c7007c00845806241cc6f350bab9e3bd04d7c4d1d
C626,2026-07-15 160401,1,591,662,no,no,0ce49656c816c87befc2787c7007c00845806241cc6f350bab9e3bd04d7c4d1d
C627,2026-07-15 160557,1,687,966,no,no,0ce49656c816c87befc2787c7007c00845806241cc6f350bab9e3bd04d7c4d1d
C628,2026-07-15 160606,1,687,941,no,no,0ce49656c816c87befc2787c7007c00845806241cc6f350bab9e3bd04d7c4d1d
C629,2026-07-15 160617,1,683,911,no,no,0ce49656c816c87befc2787c7007c00845806241cc6f350bab9e3bd04d7c4d1d
C630,2026-07-15 160623,2,691,877,no,no,0ce49656c816c87befc2787c7007c00845806241cc6f350bab9e3bd04d7c4d1d
C631,2026-07-15 160735,1,692,895,no,no,0ce49656c816c87befc2787c7007c00845806241cc6f350bab9e3bd04d7c4d1d
C632,2026-07-15 160741,1,685,888,no,no,0ce49656c816c87befc2787c7007c00845806241cc6f350bab9e3bd04d7c4d1d
C633,2026-07-15 160747,2,691,902,no,no,0ce49656c816c87befc2787c7007c00845806241cc6f350bab9e3bd04d7c4d1d
C634,2026-07-15 160754,1,686,888,no,no,0ce49656c816c87befc2787c7007c00845806241cc6f350bab9e3bd04d7c4d1d
C635,2026-07-15 160848,1,1531,650,no,no,0ce49656c816c87befc2787c7007c00845806241cc6f350bab9e3bd04d7c4d1d
C636,2026-07-15 160938,1,700,878,no,no,0ce49656c816c87befc2787c7007c00845806241cc6f350bab9e3bd04d7c4d1d
C637,2026-07-15 161003,1,694,861,no,no,0ce49656c816c87befc2787c7007c00845806241cc6f350bab9e3bd04d7c4d1d
C638,2026-07-15 161200,1,1401,768,no,no,0ce49656c816c87befc2787c7007c00845806241cc6f350bab9e3bd04d7c4d1d
C639,2026-07-15 161249,1,612,606,no,no,0ce49656c816c87befc2787c7007c00845806241cc6f350bab9e3bd04d7c4d1d
C640,2026-07-15 161340,1,690,941,no,no,0ce49656c816c87befc2787c7007c00845806241cc6f350bab9e3bd04d7c4d1d
C641,2026-07-15 161407,1,698,954,no,no,0ce49656c816c87befc2787c7007c00845806241cc6f350bab9e3bd04d7c4d1d
C642,2026-07-15 161451,1,696,949,no,no,0ce49656c816c87befc2787c7007c00845806241cc6f350bab9e3bd04d7c4d1d
C643,2026-07-15 161502,1,698,958,no,no,0ce49656c816c87befc2787c7007c00845806241cc6f350bab9e3bd04d7c4d1d
C644,2026-07-15 161515,1,693,887,no,no,0ce49656c816c87befc2787c7007c00845806241cc6f350bab9e3bd04d7c4d1d
C645,2026-07-15 161624,1,593,563,no,no,0ce49656c816c87befc2787c7007c00845806241cc6f350bab9e3bd04d7c4d1d
C646,2026-07-15 161630,1,589,491,no,no,0ce49656c816c87befc2787c7007c00845806241cc6f350bab9e3bd04d7c4d1d
C647,2026-07-15 161710,1,607,612,no,no,0ce49656c816c87befc2787c7007c00845806241cc6f350bab9e3bd04d7c4d1d
C648,2026-07-15 161727,1,639,606,no,no,0ce49656c816c87befc2787c7007c00845806241cc6f350bab9e3bd04d7c4d1d
C649,2026-07-15 161904,1,607,952,no,no,0ce49656c816c87befc2787c7007c00845806241cc6f350bab9e3bd04d7c4d1d
C650,2026-07-15 161944,1,604,673,no,no,0ce49656c816c87befc2787c7007c00845806241cc6f350bab9e3bd04d7c4d1d
C651,2026-07-15 162005,2,624,949,no,no,0ce49656c816c87befc2787c7007c00845806241cc6f350bab9e3bd04d7c4d1d
C652,2026-07-15 162759,1,607,825,no,no,0ce49656c816c87befc2787c7007c00845806241cc6f350bab9e3bd04d7c4d1d
C653,2026-07-15 162806,1,596,830,no,no,0ce49656c816c87befc2787c7007c00845806241cc6f350bab9e3bd04d7c4d1d
C654,2026-07-15 162828,1,602,135,no,no,0ce49656c816c87befc2787c7007c00845806241cc6f350bab9e3bd04d7c4d1d
C655,2026-07-15 163029,1,590,821,no,no,0ce49656c816c87befc2787c7007c00845806241cc6f350bab9e3bd04d7c4d1d
C656,2026-07-15 163053,1,694,939,no,no,0ce49656c816c87befc2787c7007c00845806241cc6f350bab9e3bd04d7c4d1d
C657,2026-07-15 163230,3,604,575,no,no,0ce49656c816c87befc2787c7007c00845806241cc6f350bab9e3bd04d7c4d1d
C658,2026-07-15 163238,1,601,578,no,no,0ce49656c816c87befc2787c7007c00845806241cc6f350bab9e3bd04d7c4d1d
C659,2026-07-15 163245,1,592,575,no,no,0ce49656c816c87befc2787c7007c00845806241cc6f350bab9e3bd04d7c4d1d
C660,2026-07-15 163253,1,606,561,no,no,0ce49656c816c87befc2787c7007c00845806241cc6f350bab9e3bd04d7c4d1d
C661,2026-07-15 163347,1,617,614,no,no,0ce49656c816c87befc2787c7007c00845806241cc6f350bab9e3bd04d7c4d1d
C662,2026-07-15 163630,1,699,952,no,no,0ce49656c816c87befc2787c7007c00845806241cc6f350bab9e3bd04d7c4d1d
C663,2026-07-15 163722,4,686,953,no,no,0ce49656c816c87befc2787c7007c00845806241cc6f350bab9e3bd04d7c4d1d
C664,2026-07-15 163736,3,695,956,no,no,0ce49656c816c87befc2787c7007c00845806241cc6f350bab9e3bd04d7c4d1d
C665,2026-07-15 163746,1,697,977,no,no,0ce49656c816c87befc2787c7007c00845806241cc6f350bab9e3bd04d7c4d1d
C666,2026-07-15 164101,1,1447,631,no,no,0ce49656c816c87befc2787c7007c00845806241cc6f350bab9e3bd04d7c4d1d
C667,2026-07-15 164134,1,611,478,no,no,0ce49656c816c87befc2787c7007c00845806241cc6f350bab9e3bd04d7c4d1d
C668,2026-07-15 190446,1,90,61,no,no,0ce49656c816c87befc2787c7007c00845806241cc6f350bab9e3bd04d7c4d1d
C669,2026-07-15 190608,1,573,119,no,no,0ce49656c816c87befc2787c7007c00845806241cc6f350bab9e3bd04d7c4d1d
C670,2026-07-15 190830,1,693,944,no,no,0ce49656c816c87befc2787c7007c00845806241cc6f350bab9e3bd04d7c4d1d
C671,2026-07-15 190840,7,686,982,no,no,0ce49656c816c87befc2787c7007c00845806241cc6f350bab9e3bd04d7c4d1d
C672,2026-07-15 190849,1,695,954,no,no,0ce49656c816c87befc2787c7007c00845806241cc6f350bab9e3bd04d7c4d1d
C673,2026-07-15 191014,1,712,906,no,no,0ce49656c816c87befc2787c7007c00845806241cc6f350bab9e3bd04d7c4d1d
C674,2026-07-15 191020,1,699,889,no,no,0ce49656c816c87befc2787c7007c00845806241cc6f350bab9e3bd04d7c4d1d
C675,2026-07-15 191026,4,714,958,no,no,0ce49656c816c87befc2787c7007c00845806241cc6f350bab9e3bd04d7c4d1d
C676,2026-07-15 191220,1,728,650,no,no,0ce49656c816c87befc2787c7007c00845806241cc6f350bab9e3bd04d7c4d1d
C677,2026-07-15 191256,1,1508,689,no,no,0ce49656c816c87befc2787c7007c00845806241cc6f350bab9e3bd04d7c4d1d
C678,2026-07-15 191429,1,702,943,no,no,0ce49656c816c87befc2787c7007c00845806241cc6f350bab9e3bd04d7c4d1d
C679,2026-07-15 191436,1,696,954,no,no,0ce49656c816c87befc2787c7007c00845806241cc6f350bab9e3bd04d7c4d1d
C680,2026-07-15 191539,1,734,944,no,no,0ce49656c816c87befc2787c7007c00845806241cc6f350bab9e3bd04d7c4d1d
C681,2026-07-15 191641,1,636,623,no,no,0ce49656c816c87befc2787c7007c00845806241cc6f350bab9e3bd04d7c4d1d
C682,2026-07-15 191709,1,597,560,no,no,0ce49656c816c87befc2787c7007c00845806241cc6f350bab9e3bd04d7c4d1d
C683,2026-07-15 191716,2,591,579,no,no,0ce49656c816c87befc2787c7007c00845806241cc6f350bab9e3bd04d7c4d1d
C684,2026-07-15 191725,1,597,557,no,no,0ce49656c816c87befc2787c7007c00845806241cc6f350bab9e3bd04d7c4d1d
C685,2026-07-15 192142,1,710,1035,no,no,0ce49656c816c87befc2787c7007c00845806241cc6f350bab9e3bd04d7c4d1d
C686,2026-07-15 192213,1,1490,918,no,no,0ce49656c816c87befc2787c7007c00845806241cc6f350bab9e3bd04d7c4d1d
C687,2026-07-15 192359,1,625,618,no,no,0ce49656c816c87befc2787c7007c00845806241cc6f350bab9e3bd04d7c4d1d
C688,2026-07-15 192737,1,641,1049,no,no,0ce49656c816c87befc2787c7007c00845806241cc6f350bab9e3bd04d7c4d1d
C689,2026-07-15 192822,1,624,624,no,no,0ce49656c816c87befc2787c7007c00845806241cc6f350bab9e3bd04d7c4d1d
C690,2026-07-15 193005,1,717,962,no,no,0ce49656c816c87befc2787c7007c00845806241cc6f350bab9e3bd04d7c4d1d
C691,2026-07-15 193104,1,1491,676,no,no,0ce49656c816c87befc2787c7007c00845806241cc6f350bab9e3bd04d7c4d1d
C692,2026-07-15 193220,1,632,868,no,no,0ce49656c816c87befc2787c7007c00845806241cc6f350bab9e3bd04d7c4d1d
C693,2026-07-15 193520,1,592,573,no,no,0ce49656c816c87befc2787c7007c00845806241cc6f350bab9e3bd04d7c4d1d
C694,2026-07-15 193528,1,601,564,no,no,0ce49656c816c87befc2787c7007c00845806241cc6f350bab9e3bd04d7c4d1d
C695,2026-07-15 193536,1,602,560,no,no,0ce49656c816c87befc2787c7007c00845806241cc6f350bab9e3bd04d7c4d1d
C696,2026-07-15 193542,1,616,570,no,no,0ce49656c816c87befc2787c7007c00845806241cc6f350bab9e3bd04d7c4d1d
C697,2026-07-15 193548,2,604,575,no,no,0ce49656c816c87befc2787c7007c00845806241cc6f350bab9e3bd04d7c4d1d
C698,2026-07-15 193554,1,600,505,no,no,0ce49656c816c87befc2787c7007c00845806241cc6f350bab9e3bd04d7c4d1d
C699,2026-07-15 193715,1,616,711,no,no,0ce49656c816c87befc2787c7007c00845806241cc6f350bab9e3bd04d7c4d1d
C700,2026-07-15 193828,1,677,911,no,no,0ce49656c816c87befc2787c7007c00845806241cc6f350bab9e3bd04d7c4d1d
C701,2026-07-15 193837,1,622,607,no,no,0ce49656c816c87befc2787c7007c00845806241cc6f350bab9e3bd04d7c4d1d
C702,2026-07-15 193845,1,610,595,no,no,0ce49656c816c87befc2787c7007c00845806241cc6f350bab9e3bd04d7c4d1d
C703,2026-07-15 193852,1,620,596,no,no,0ce49656c816c87befc2787c7007c00845806241cc6f350bab9e3bd04d7c4d1d
C704,2026-07-15 194245,1,623,840,no,no,0ce49656c816c87befc2787c7007c00845806241cc6f350bab9e3bd04d7c4d1d
C705,2026-07-15 194319,1,615,790,no,no,0ce49656c816c87befc2787c7007c00845806241cc6f350bab9e3bd04d7c4d1d
C706,2026-07-15 194337,1,1525,728,no,no,0ce49656c816c87befc2787c7007c00845806241cc6f350bab9e3bd04d7c4d1d
C707,2026-07-17 221504,1,1920,1080,yes,yes,0ce49656c816c87befc2787c7007c00845806241cc6f350bab9e3bd04d7c4d1d
C708,2026-07-17 230755,14,1920,1080,yes,yes,0ce49656c816c87befc2787c7007c00845806241cc6f350bab9e3bd04d7c4d1d
C709,2026-07-17 230902,14,1920,1080,yes,yes,0ce49656c816c87befc2787c7007c00845806241cc6f350bab9e3bd04d7c4d1d
C710,2026-07-17 232345,1,1920,1080,yes,yes,0ce49656c816c87befc2787c7007c00845806241cc6f350bab9e3bd04d7c4d1d
C711,2026-07-17 232527,2,1920,1080,yes,yes,0ce49656c816c87befc2787c7007c00845806241cc6f350bab9e3bd04d7c4d1d
C712,2026-07-17 233057,1,1920,1080,yes,yes,0ce49656c816c87befc2787c7007c00845806241cc6f350bab9e3bd04d7c4d1d
C713,2026-07-17 234444,1,1920,1080,yes,yes,0ce49656c816c87befc2787c7007c00845806241cc6f350bab9e3bd04d7c4d1d
C714,2026-07-17 234453,2,1920,1080,yes,yes,0ce49656c816c87befc2787c7007c00845806241cc6f350bab9e3bd04d7c4d1d
C715,2026-07-17 234521,6,1920,1080,yes,yes,0ce49656c816c87befc2787c7007c00845806241cc6f350bab9e3bd04d7c4d1d
C716,2026-07-17 234615,1,1920,1080,yes,yes,0ce49656c816c87befc2787c7007c00845806241cc6f350bab9e3bd04d7c4d1d
C717,2026-07-17 234912,2,1920,1080,yes,yes,0ce49656c816c87befc2787c7007c00845806241cc6f350bab9e3bd04d7c4d1d
C718,2026-07-17 234918,2,1920,1080,yes,yes,0ce49656c816c87befc2787c7007c00845806241cc6f350bab9e3bd04d7c4d1d
C719,2026-07-17 235111,1,1920,1080,yes,yes,0ce49656c816c87befc2787c7007c00845806241cc6f350bab9e3bd04d7c4d1d
C720,2026-07-17 235229,1,1920,1080,yes,yes,0ce49656c816c87befc2787c7007c00845806241cc6f350bab9e3bd04d7c4d1d
C721,2026-07-17 235511,6,1920,1080,yes,yes,0ce49656c816c87befc2787c7007c00845806241cc6f350bab9e3bd04d7c4d1d
C722,2026-07-17 235529,2,1920,1080,yes,yes,0ce49656c816c87befc2787c7007c00845806241cc6f350bab9e3bd04d7c4d1d
C723,2026-07-17 235902,1,1920,1080,yes,yes,0ce49656c816c87befc2787c7007c00845806241cc6f350bab9e3bd04d7c4d1d
C724,2026-07-18 000919,1,1920,1080,yes,yes,0ce49656c816c87befc2787c7007c00845806241cc6f350bab9e3bd04d7c4d1d
C725,2026-07-18 001651,2,1920,1080,yes,yes,0ce49656c816c87befc2787c7007c00845806241cc6f350bab9e3bd04d7c4d1d
C726,2026-07-18 001811,58,1920,1080,yes,yes,0ce49656c816c87befc2787c7007c00845806241cc6f350bab9e3bd04d7c4d1d
C727,2026-07-18 001817,1,1920,1080,yes,yes,0ce49656c816c87befc2787c7007c00845806241cc6f350bab9e3bd04d7c4d1d
C728,2026-07-18 001823,1,1920,1080,yes,yes,0ce49656c816c87befc2787c7007c00845806241cc6f350bab9e3bd04d7c4d1d
C729,2026-07-18 001957,1,1920,1080,yes,yes,0ce49656c816c87befc2787c7007c00845806241cc6f350bab9e3bd04d7c4d1d
C730,2026-07-18 002421,1,1920,1080,yes,yes,0ce49656c816c87befc2787c7007c00845806241cc6f350bab9e3bd04d7c4d1d
C731,2026-07-18 002432,10,1920,1080,yes,yes,0ce49656c816c87befc2787c7007c00845806241cc6f350bab9e3bd04d7c4d1d
C732,2026-07-18 002632,1,1920,1080,yes,yes,0ce49656c816c87befc2787c7007c00845806241cc6f350bab9e3bd04d7c4d1d
C733,2026-07-18 002941,1,1920,1080,yes,yes,0ce49656c816c87befc2787c7007c00845806241cc6f350bab9e3bd04d7c4d1d
C734,2026-07-18 003303,5,1920,1080,yes,yes,0ce49656c816c87befc2787c7007c00845806241cc6f350bab9e3bd04d7c4d1d
C735,2026-07-18 004353,1,1920,1080,yes,yes,0ce49656c816c87befc2787c7007c00845806241cc6f350bab9e3bd04d7c4d1d
C736,2026-07-18 133128,1,1920,1080,yes,yes,0ce49656c816c87befc2787c7007c00845806241cc6f350bab9e3bd04d7c4d1d
C737,2026-07-18 133250,1,591,927,no,no,0ce49656c816c87befc2787c7007c00845806241cc6f350bab9e3bd04d7c4d1d
C738,2026-07-18 133312,1,1920,1080,yes,yes,0ce49656c816c87befc2787c7007c00845806241cc6f350bab9e3bd04d7c4d1d
C739,2026-07-18 133322,3,1920,1080,yes,yes,0ce49656c816c87befc2787c7007c00845806241cc6f350bab9e3bd04d7c4d1d
C740,2026-07-18 133731,1,1920,1080,yes,yes,0ce49656c816c87befc2787c7007c00845806241cc6f350bab9e3bd04d7c4d1d
C741,2026-07-18 134106,1,1920,1080,yes,yes,0ce49656c816c87befc2787c7007c00845806241cc6f350bab9e3bd04d7c4d1d
C742,2026-07-18 134917,2,1920,1080,yes,yes,0ce49656c816c87befc2787c7007c00845806241cc6f350bab9e3bd04d7c4d1d
C743,2026-07-18 135640,1,593,661,no,no,0ce49656c816c87befc2787c7007c00845806241cc6f350bab9e3bd04d7c4d1d
C744,2026-07-18 135745,1,1920,1080,yes,yes,0ce49656c816c87befc2787c7007c00845806241cc6f350bab9e3bd04d7c4d1d
C745,2026-07-18 135751,2,1920,1080,yes,yes,0ce49656c816c87befc2787c7007c00845806241cc6f350bab9e3bd04d7c4d1d
C746,2026-07-18 135756,1,1920,1080,yes,yes,0ce49656c816c87befc2787c7007c00845806241cc6f350bab9e3bd04d7c4d1d
C747,2026-07-18 135801,2,1920,1080,yes,yes,0ce49656c816c87befc2787c7007c00845806241cc6f350bab9e3bd04d7c4d1d
C748,2026-07-18 155757,1,1920,1080,yes,yes,0ce49656c816c87befc2787c7007c00845806241cc6f350bab9e3bd04d7c4d1d
C749,2026-07-18 160438,2,1920,1080,yes,yes,0ce49656c816c87befc2787c7007c00845806241cc6f350bab9e3bd04d7c4d1d
C750,2026-07-18 160543,11,1920,1080,yes,yes,0ce49656c816c87befc2787c7007c00845806241cc6f350bab9e3bd04d7c4d1d
C751,2026-07-18 161122,2,1920,1080,yes,yes,0ce49656c816c87befc2787c7007c00845806241cc6f350bab9e3bd04d7c4d1d
