frame_id,trainee,source_field,quoted_text,notes_path,stat_bearing
2026-07-14 025344,Curren Chan,field 4,"ait and name ""Curren Chan""",screenshot-notes/,no
2026-07-14 194819,unattributed,none,,screenshot-notes/,yes
2026-07-14 202142,unattributed,none,,screenshot-notes/,yes
2026-07-17 221504,unattributed,none,,screenshot-notes/,yes
2026-07-17 230755,unattributed,none,,screenshot-notes/,yes
2026-07-17 230902,unattributed,none,,screenshot-notes/,yes
2026-07-17 232345,Rice Shower,field 4,"eams]"", name ""Rice Shower""",screenshot-notes/,yes
2026-07-17 232527,Rice Shower,field 4,"and the name ""Rice Shower""",screenshot-notes/,no
2026-07-17 233057,unattributed,none,,screenshot-notes/,no
2026-07-17 233332,unattributed,none,,screenshot-notes/,yes
2026-07-17 233339,unattributed,none,,screenshot-notes/,yes
2026-07-17 233344,unattributed,none,,screenshot-notes/,yes
2026-07-17 234444,Rice Shower,field 4,"logue cards (""Rice Shower""",screenshot-notes/,yes
2026-07-17 234453,Rice Shower,field 4,"nel: the same Rice Shower,",screenshot-notes/,yes
2026-07-17 234521,Rice Shower,field 4,"cards headed ""Rice Shower""",screenshot-notes/,yes
2026-07-17 234615,Rice Shower,field 4,"and the name ""Rice Shower""",screenshot-notes/,no
2026-07-17 234912,Rice Shower,field 4,"ith the card ""[Rosy Dreams] Rice Shower""",screenshot-notes/,no
2026-07-17 234918,Rice Shower,field 4,"1st, gate 9, ""Rice Shower""",screenshot-notes/,no
2026-07-17 235111,unattributed,none,,screenshot-notes/,no
2026-07-17 235229,unattributed,none,,screenshot-notes/,no
2026-07-17 235511,Rice Shower,field 4,"1st, gate 3, ""Rice Shower""",screenshot-notes/,no
2026-07-17 235529,unattributed,none,,screenshot-notes/,no
2026-07-17 235902,Rice Shower,field 4,"trainee card ""[Rosy Dreams] Rice Shower""",screenshot-notes/,yes
2026-07-18 000919,unattributed,none,,screenshot-notes/,no
2026-07-18 001651,unattributed,none,,screenshot-notes/,no
2026-07-18 001811,Rice Shower,field 4,"rative card (""Rice Shower",screenshot-notes/,yes
2026-07-18 001817,Rice Shower,field 4,"hono Bourbon, Rice Shower,",screenshot-notes/,yes
2026-07-18 001823,Rice Shower,field 4,"Bourbon"" and ""Rice Shower""",screenshot-notes/,yes
2026-07-18 001957,unattributed,none,,screenshot-notes/,yes
2026-07-18 002421,Rice Shower,field 4,"trainee card ""[Rosy Dreams] Rice Shower""",screenshot-notes/,yes
2026-07-18 002432,Rice Shower,field 4,"trainee card ""[Rosy Dreams] Rice Shower""",screenshot-notes/,yes
2026-07-18 002632,Rice Shower,field 4,"tte avatar), ""Rice Shower""",screenshot-notes/,yes
2026-07-18 002941,unattributed,none,,screenshot-notes/,no
2026-07-18 003303,unattributed,none,,screenshot-notes/,yes
2026-07-18 004353,Rice Shower,field 4,"2nd, gate 4, ""Rice Shower""",screenshot-notes/,no
2026-07-18 133128,unattributed,none,,screenshot-notes/,no
2026-07-18 133312,Rice Shower,field 4,"logue cards, ""Rice Shower""",screenshot-notes/,yes
2026-07-18 133322,Rice Shower,field 4,"frame 133312 (Rice Shower,",screenshot-notes/,yes
2026-07-18 133731,Rice Shower,field 4,"r: portrait, ""[Rosy Dreams] Rice Shower""",screenshot-notes/,yes
2026-07-18 134106,unattributed,none,,screenshot-notes/,no
2026-07-18 134917,unattributed,none,,screenshot-notes/,yes
2026-07-18 135745,unattributed,none,,screenshot-notes/,yes
2026-07-18 135751,unattributed,none,,screenshot-notes/,yes
2026-07-18 135756,unattributed,none,,screenshot-notes/,yes
2026-07-18 135801,unattributed,none,,screenshot-notes/,yes
2026-07-18 155757,Rice Shower,field 4,"aracter card ""[Rosy Dreams] Rice Shower""",screenshot-notes/,no
2026-07-18 160438,Rice Shower,field 4,"r: portrait, ""[Rosy Dreams] Rice Shower""",screenshot-notes/,yes
2026-07-18 160543,unattributed,none,,screenshot-notes/,no
2026-07-18 161122,unattributed,none,,screenshot-notes/,no
2026-07-17 233324,unattributed,none,,screenshot-notes-extras/,yes
2026-07-18 002830,unattributed,none,,screenshot-notes-extras/,no
2026-07-18 154126,Rice Shower,field 4,"r: portrait, ""[Rosy Dreams] Rice Shower""",screenshot-notes-extras/,yes
